gs://image_indexing_hclstore_catalog/Emerald/images/catalog/livingroom/furniture/chair1_a1_600.jpg,14018,Emerald,LR-FNTR-0001,homegoods-v2,Wooden Angled Chair,"PARTNUMBER=LR-FNTR-0001,NAME=Wooden Angled Chair,CATEGORY_NAME=Living Room,SUB_CATEGORY_NAME=Furniture","0,0,600,0,0,600,600,600"
gs://image_indexing_hclstore_catalog/Emerald/images/catalog/livingroom/furniture/chair1_a1_600.jpg,14019,Emerald,LR-FNTR-0001-0001,homegoods-v2,Wooden Angled Chair,"PARTNUMBER=LR-FNTR-0001-0001,NAME=Wooden Angled Chair,CATEGORY_NAME=Living Room,SUB_CATEGORY_NAME=Furniture","0,0,600,0,0,600,600,600"
gs://image_indexing_hclstore_catalog/Emerald/images/catalog/livingroom/furniture/chair1_b1_600.jpg,14020,Emerald,LR-FNTR-0001-0002,homegoods-v2,Wooden Angled Chair,"PARTNUMBER=LR-FNTR-0001-0002,NAME=Wooden Angled Chair,CATEGORY_NAME=Living Room,SUB_CATEGORY_NAME=Furniture","0,0,600,0,0,600,600,600"
gs://image_indexing_hclstore_catalog/Emerald/images/catalog/livingroom/furniture/chair1_c1_600.jpg,14021,Emerald,LR-FNTR-0001-0003,homegoods-v2,Wooden Angled Chair,"PARTNUMBER=LR-FNTR-0001-0003,NAME=Wooden Angled Chair,CATEGORY_NAME=Living Room,SUB_CATEGORY_NAME=Furniture","0,0,600,0,0,600,600,600"
gs://image_indexing_hclstore_catalog/Emerald/images/catalog/livingroom/furniture/chair2_a1_600.jpg,14022,Emerald,LR-FNTR-0002,homegoods-v2,Flared Accent Chair,"PARTNUMBER=LR-FNTR-0002,NAME=Flared Accent Chair,CATEGORY_NAME=Living Room,SUB_CATEGORY_NAME=Furniture","0,0,600,0,0,600,600,600"
gs://image_indexing_hclstore_catalog/Emerald/images/catalog/livingroom/furniture/chair2_a1_600.jpg,14023,Emerald,LR-FNTR-0002-0001,homegoods-v2,Flared Accent Chair,"PARTNUMBER=LR-FNTR-0002-0001,NAME=Flared Accent Chair,CATEGORY_NAME=Living Room,SUB_CATEGORY_NAME=Furniture","0,0,600,0,0,600,600,600"
gs://image_indexing_hclstore_catalog/Emerald/images/catalog/livingroom/furniture/chair2_b1_600.jpg,14024,Emerald,LR-FNTR-0002-0002,homegoods-v2,Flared Accent Chair,"PARTNUMBER=LR-FNTR-0002-0002,NAME=Flared Accent Chair,CATEGORY_NAME=Living Room,SUB_CATEGORY_NAME=Furniture","0,0,600,0,0,600,600,600"
gs://image_indexing_hclstore_catalog/Emerald/images/catalog/livingroom/furniture/chair2_c1_600.jpg,14025,Emerald,LR-FNTR-0002-0003,homegoods-v2,Flared Accent Chair,"PARTNUMBER=LR-FNTR-0002-0003,NAME=Flared Accent Chair,CATEGORY_NAME=Living Room,SUB_CATEGORY_NAME=Furniture","0,0,600,0,0,600,600,600"
gs://image_indexing_hclstore_catalog/Emerald/images/catalog/livingroom/furniture/chair2_d1_600.jpg,14026,Emerald,LR-FNTR-0002-0004,homegoods-v2,Flared Accent Chair,"PARTNUMBER=LR-FNTR-0002-0004,NAME=Flared Accent Chair,CATEGORY_NAME=Living Room,SUB_CATEGORY_NAME=Furniture","0,0,600,0,0,600,600,600"
gs://image_indexing_hclstore_catalog/Emerald/images/catalog/livingroom/furniture/chair3_a1_600.jpg,14027,Emerald,LR-FNTR-0003,homegoods-v2,Supreme Rocoz Vintage Sofa Chair,"PARTNUMBER=LR-FNTR-0003,NAME=Supreme Rocoz Vintage Sofa Chair,CATEGORY_NAME=Living Room,SUB_CATEGORY_NAME=Furniture","0,0,600,0,0,600,600,600"
gs://image_indexing_hclstore_catalog/Emerald/images/catalog/livingroom/furniture/chair3_a1_600.jpg,14028,Emerald,LR-FNTR-0003-0001,homegoods-v2,Supreme Rocoz Vintage Sofa Chair,"PARTNUMBER=LR-FNTR-0003-0001,NAME=Supreme Rocoz Vintage Sofa Chair,CATEGORY_NAME=Living Room,SUB_CATEGORY_NAME=Furniture","0,0,600,0,0,600,600,600"
gs://image_indexing_hclstore_catalog/Emerald/images/catalog/livingroom/furniture/chair3_b1_600.jpg,14029,Emerald,LR-FNTR-0003-0002,homegoods-v2,Supreme Rocoz Vintage Sofa Chair,"PARTNUMBER=LR-FNTR-0003-0002,NAME=Supreme Rocoz Vintage Sofa Chair,CATEGORY_NAME=Living Room,SUB_CATEGORY_NAME=Furniture","0,0,600,0,0,600,600,600"
gs://image_indexing_hclstore_catalog/Emerald/images/catalog/livingroom/furniture/chair3_c1_600.jpg,14030,Emerald,LR-FNTR-0003-0003,homegoods-v2,Supreme Rocoz Vintage Sofa Chair,"PARTNUMBER=LR-FNTR-0003-0003,NAME=Supreme Rocoz Vintage Sofa Chair,CATEGORY_NAME=Living Room,SUB_CATEGORY_NAME=Furniture","0,0,600,0,0,600,600,600"
gs://image_indexing_hclstore_catalog/Emerald/images/catalog/livingroom/furniture/chair3_d1_600.jpg,14031,Emerald,LR-FNTR-0003-0004,homegoods-v2,Supreme Rocoz Vintage Sofa Chair,"PARTNUMBER=LR-FNTR-0003-0004,NAME=Supreme Rocoz Vintage Sofa Chair,CATEGORY_NAME=Living Room,SUB_CATEGORY_NAME=Furniture","0,0,600,0,0,600,600,600"
gs://image_indexing_hclstore_catalog/Emerald/images/catalog/livingroom/furniture/chair3_e1_600.jpg,14032,Emerald,LR-FNTR-0003-0005,homegoods-v2,Supreme Rocoz Vintage Sofa Chair,"PARTNUMBER=LR-FNTR-0003-0005,NAME=Supreme Rocoz Vintage Sofa Chair,CATEGORY_NAME=Living Room,SUB_CATEGORY_NAME=Furniture","0,0,600,0,0,600,600,600"
gs://image_indexing_hclstore_catalog/Emerald/images/catalog/livingroom/furniture/chair4_a1_600.jpg,14033,Emerald,LR-FNTR-0004,homegoods-v2,Stonehenge UltraCozy Single Sofa,"PARTNUMBER=LR-FNTR-0004,NAME=Stonehenge UltraCozy Single Sofa,CATEGORY_NAME=Living Room,SUB_CATEGORY_NAME=Furniture","0,0,600,0,0,600,600,600"
gs://image_indexing_hclstore_catalog/Emerald/images/catalog/livingroom/furniture/chair4_a1_600.jpg,14034,Emerald,LR-FNTR-0004-0001,homegoods-v2,Stonehenge UltraCozy Single Sofa,"PARTNUMBER=LR-FNTR-0004-0001,NAME=Stonehenge UltraCozy Single Sofa,CATEGORY_NAME=Living Room,SUB_CATEGORY_NAME=Furniture","0,0,600,0,0,600,600,600"
gs://image_indexing_hclstore_catalog/Emerald/images/catalog/livingroom/furniture/chair4_b1_600.jpg,14035,Emerald,LR-FNTR-0004-0002,homegoods-v2,Stonehenge UltraCozy Single Sofa,"PARTNUMBER=LR-FNTR-0004-0002,NAME=Stonehenge UltraCozy Single Sofa,CATEGORY_NAME=Living Room,SUB_CATEGORY_NAME=Furniture","0,0,600,0,0,600,600,600"
gs://image_indexing_hclstore_catalog/Emerald/images/catalog/livingroom/furniture/chair4_c1_600.jpg,14036,Emerald,LR-FNTR-0004-0003,homegoods-v2,Stonehenge UltraCozy Single Sofa,"PARTNUMBER=LR-FNTR-0004-0003,NAME=Stonehenge UltraCozy Single Sofa,CATEGORY_NAME=Living Room,SUB_CATEGORY_NAME=Furniture","0,0,600,0,0,600,600,600"
gs://image_indexing_hclstore_catalog/Emerald/images/catalog/livingroom/furniture/chair4_d1_600.jpg,14037,Emerald,LR-FNTR-0004-0004,homegoods-v2,Stonehenge UltraCozy Single Sofa,"PARTNUMBER=LR-FNTR-0004-0004,NAME=Stonehenge UltraCozy Single Sofa,CATEGORY_NAME=Living Room,SUB_CATEGORY_NAME=Furniture","0,0,600,0,0,600,600,600"
gs://image_indexing_hclstore_catalog/Emerald/images/catalog/livingroom/furniture/chair5_a1_600.jpg,14038,Emerald,LR-FNTR-0005,homegoods-v2,Style Home InOffice Single Sofa,"PARTNUMBER=LR-FNTR-0005,NAME=Style Home InOffice Single Sofa,CATEGORY_NAME=Living Room,SUB_CATEGORY_NAME=Furniture","0,0,600,0,0,600,600,600"
gs://image_indexing_hclstore_catalog/Emerald/images/catalog/livingroom/furniture/chair5_a1_600.jpg,14039,Emerald,LR-FNTR-0005-0001,homegoods-v2,Style Home InOffice Single Sofa,"PARTNUMBER=LR-FNTR-0005-0001,NAME=Style Home InOffice Single Sofa,CATEGORY_NAME=Living Room,SUB_CATEGORY_NAME=Furniture","0,0,600,0,0,600,600,600"
gs://image_indexing_hclstore_catalog/Emerald/images/catalog/livingroom/furniture/chair5_b1_600.jpg,14040,Emerald,LR-FNTR-0005-0002,homegoods-v2,Style Home InOffice Single Sofa,"PARTNUMBER=LR-FNTR-0005-0002,NAME=Style Home InOffice Single Sofa,CATEGORY_NAME=Living Room,SUB_CATEGORY_NAME=Furniture","0,0,600,0,0,600,600,600"
gs://image_indexing_hclstore_catalog/Emerald/images/catalog/livingroom/furniture/chair5_c1_600.jpg,14041,Emerald,LR-FNTR-0005-0003,homegoods-v2,Style Home InOffice Single Sofa,"PARTNUMBER=LR-FNTR-0005-0003,NAME=Style Home InOffice Single Sofa,CATEGORY_NAME=Living Room,SUB_CATEGORY_NAME=Furniture","0,0,600,0,0,600,600,600"
gs://image_indexing_hclstore_catalog/Emerald/images/catalog/livingroom/furniture/chair5_d1_600.jpg,14042,Emerald,LR-FNTR-0005-0004,homegoods-v2,Style Home InOffice Single Sofa,"PARTNUMBER=LR-FNTR-0005-0004,NAME=Style Home InOffice Single Sofa,CATEGORY_NAME=Living Room,SUB_CATEGORY_NAME=Furniture","0,0,600,0,0,600,600,600"
gs://image_indexing_hclstore_catalog/Emerald/images/catalog/livingroom/furniture/chair5_e1_600.jpg,14043,Emerald,LR-FNTR-0005-0005,homegoods-v2,Style Home InOffice Single Sofa,"PARTNUMBER=LR-FNTR-0005-0005,NAME=Style Home InOffice Single Sofa,CATEGORY_NAME=Living Room,SUB_CATEGORY_NAME=Furniture","0,0,600,0,0,600,600,600"
gs://image_indexing_hclstore_catalog/Emerald/images/catalog/livingroom/furniture/chair6_a1_600.jpg,14044,Emerald,LR-FNTR-0006,homegoods-v2,Stonehenge Modern Steelet Single Sofa,"PARTNUMBER=LR-FNTR-0006,NAME=Stonehenge Modern Steelet Single Sofa,CATEGORY_NAME=Living Room,SUB_CATEGORY_NAME=Furniture","0,0,600,0,0,600,600,600"
gs://image_indexing_hclstore_catalog/Emerald/images/catalog/livingroom/furniture/chair6_a1_600.jpg,14045,Emerald,LR-FNTR-0006-0001,homegoods-v2,Stonehenge Modern Steelet Single Sofa,"PARTNUMBER=LR-FNTR-0006-0001,NAME=Stonehenge Modern Steelet Single Sofa,CATEGORY_NAME=Living Room,SUB_CATEGORY_NAME=Furniture","0,0,600,0,0,600,600,600"
gs://image_indexing_hclstore_catalog/Emerald/images/catalog/livingroom/furniture/chair6_b1_600.jpg,14046,Emerald,LR-FNTR-0006-0002,homegoods-v2,Stonehenge Modern Steelet Single Sofa,"PARTNUMBER=LR-FNTR-0006-0002,NAME=Stonehenge Modern Steelet Single Sofa,CATEGORY_NAME=Living Room,SUB_CATEGORY_NAME=Furniture","0,0,600,0,0,600,600,600"
gs://image_indexing_hclstore_catalog/Emerald/images/catalog/livingroom/furniture/chair6_c1_600.jpg,14047,Emerald,LR-FNTR-0006-0003,homegoods-v2,Stonehenge Modern Steelet Single Sofa,"PARTNUMBER=LR-FNTR-0006-0003,NAME=Stonehenge Modern Steelet Single Sofa,CATEGORY_NAME=Living Room,SUB_CATEGORY_NAME=Furniture","0,0,600,0,0,600,600,600"
gs://image_indexing_hclstore_catalog/Emerald/images/catalog/livingroom/furniture/chair6_d1_600.jpg,14048,Emerald,LR-FNTR-0006-0004,homegoods-v2,Stonehenge Modern Steelet Single Sofa,"PARTNUMBER=LR-FNTR-0006-0004,NAME=Stonehenge Modern Steelet Single Sofa,CATEGORY_NAME=Living Room,SUB_CATEGORY_NAME=Furniture","0,0,600,0,0,600,600,600"
gs://image_indexing_hclstore_catalog/Emerald/images/catalog/livingroom/furniture/couch1_a1_600.jpg,14049,Emerald,LR-FNTR-CO-0001,homegoods-v2,Style Home Modern Plain Single Large Sofa,"PARTNUMBER=LR-FNTR-CO-0001,NAME=Style Home Modern Plain Single Large Sofa,CATEGORY_NAME=Living Room,SUB_CATEGORY_NAME=Furniture","0,0,600,0,0,600,600,600"
gs://image_indexing_hclstore_catalog/Emerald/images/catalog/livingroom/furniture/couch1_a1_600.jpg,14050,Emerald,LR-FNTR-CO-0001-0001,homegoods-v2,Style Home Modern Plain Single Large Sofa,"PARTNUMBER=LR-FNTR-CO-0001-0001,NAME=Style Home Modern Plain Single Large Sofa,CATEGORY_NAME=Living Room,SUB_CATEGORY_NAME=Furniture","0,0,600,0,0,600,600,600"
gs://image_indexing_hclstore_catalog/Emerald/images/catalog/livingroom/furniture/couch1_b1_600.jpg,14051,Emerald,LR-FNTR-CO-0001-0002,homegoods-v2,Style Home Modern Plain Single Large Sofa,"PARTNUMBER=LR-FNTR-CO-0001-0002,NAME=Style Home Modern Plain Single Large Sofa,CATEGORY_NAME=Living Room,SUB_CATEGORY_NAME=Furniture","0,0,600,0,0,600,600,600"
gs://image_indexing_hclstore_catalog/Emerald/images/catalog/livingroom/furniture/couch1_c1_600.jpg,14052,Emerald,LR-FNTR-CO-0001-0003,homegoods-v2,Style Home Modern Plain Single Large Sofa,"PARTNUMBER=LR-FNTR-CO-0001-0003,NAME=Style Home Modern Plain Single Large Sofa,CATEGORY_NAME=Living Room,SUB_CATEGORY_NAME=Furniture","0,0,600,0,0,600,600,600"
gs://image_indexing_hclstore_catalog/Emerald/images/catalog/livingroom/furniture/couch1_d1_600.jpg,14053,Emerald,LR-FNTR-CO-0001-0004,homegoods-v2,Style Home Modern Plain Single Large Sofa,"PARTNUMBER=LR-FNTR-CO-0001-0004,NAME=Style Home Modern Plain Single Large Sofa,CATEGORY_NAME=Living Room,SUB_CATEGORY_NAME=Furniture","0,0,600,0,0,600,600,600"
gs://image_indexing_hclstore_catalog/Emerald/images/catalog/livingroom/furniture/couch1_a1_600.jpg,14054,Emerald,LR-FNTR-CO-0001-0005,homegoods-v2,Style Home Modern Plain Single Large Sofa,"PARTNUMBER=LR-FNTR-CO-0001-0005,NAME=Style Home Modern Plain Single Large Sofa,CATEGORY_NAME=Living Room,SUB_CATEGORY_NAME=Furniture","0,0,600,0,0,600,600,600"
gs://image_indexing_hclstore_catalog/Emerald/images/catalog/livingroom/furniture/couch1_b1_600.jpg,14055,Emerald,LR-FNTR-CO-0001-0006,homegoods-v2,Style Home Modern Plain Single Large Sofa,"PARTNUMBER=LR-FNTR-CO-0001-0006,NAME=Style Home Modern Plain Single Large Sofa,CATEGORY_NAME=Living Room,SUB_CATEGORY_NAME=Furniture","0,0,600,0,0,600,600,600"
gs://image_indexing_hclstore_catalog/Emerald/images/catalog/livingroom/furniture/couch1_c1_600.jpg,14056,Emerald,LR-FNTR-CO-0001-0007,homegoods-v2,Style Home Modern Plain Single Large Sofa,"PARTNUMBER=LR-FNTR-CO-0001-0007,NAME=Style Home Modern Plain Single Large Sofa,CATEGORY_NAME=Living Room,SUB_CATEGORY_NAME=Furniture","0,0,600,0,0,600,600,600"
gs://image_indexing_hclstore_catalog/Emerald/images/catalog/livingroom/furniture/couch1_d1_600.jpg,14057,Emerald,LR-FNTR-CO-0001-0008,homegoods-v2,Style Home Modern Plain Single Large Sofa,"PARTNUMBER=LR-FNTR-CO-0001-0008,NAME=Style Home Modern Plain Single Large Sofa,CATEGORY_NAME=Living Room,SUB_CATEGORY_NAME=Furniture","0,0,600,0,0,600,600,600"
gs://image_indexing_hclstore_catalog/Emerald/images/catalog/livingroom/furniture/couch2_a1_600.jpg,14058,Emerald,LR-FNTR-CO-0002,homegoods-v2,Style Home InOffice Double Sofa,"PARTNUMBER=LR-FNTR-CO-0002,NAME=Style Home InOffice Double Sofa,CATEGORY_NAME=Living Room,SUB_CATEGORY_NAME=Furniture","0,0,600,0,0,600,600,600"
gs://image_indexing_hclstore_catalog/Emerald/images/catalog/livingroom/furniture/couch2_a1_600.jpg,14059,Emerald,LR-FNTR-CO-0002-0001,homegoods-v2,Style Home InOffice Double Sofa,"PARTNUMBER=LR-FNTR-CO-0002-0001,NAME=Style Home InOffice Double Sofa,CATEGORY_NAME=Living Room,SUB_CATEGORY_NAME=Furniture","0,0,600,0,0,600,600,600"
gs://image_indexing_hclstore_catalog/Emerald/images/catalog/livingroom/furniture/couch2_b1_600.jpg,14060,Emerald,LR-FNTR-CO-0002-0002,homegoods-v2,Style Home InOffice Double Sofa,"PARTNUMBER=LR-FNTR-CO-0002-0002,NAME=Style Home InOffice Double Sofa,CATEGORY_NAME=Living Room,SUB_CATEGORY_NAME=Furniture","0,0,600,0,0,600,600,600"
gs://image_indexing_hclstore_catalog/Emerald/images/catalog/livingroom/furniture/couch2_c1_600.jpg,14061,Emerald,LR-FNTR-CO-0002-0003,homegoods-v2,Style Home InOffice Double Sofa,"PARTNUMBER=LR-FNTR-CO-0002-0003,NAME=Style Home InOffice Double Sofa,CATEGORY_NAME=Living Room,SUB_CATEGORY_NAME=Furniture","0,0,600,0,0,600,600,600"
gs://image_indexing_hclstore_catalog/Emerald/images/catalog/livingroom/furniture/couch2_d1_600.jpg,14062,Emerald,LR-FNTR-CO-0002-0004,homegoods-v2,Style Home InOffice Double Sofa,"PARTNUMBER=LR-FNTR-CO-0002-0004,NAME=Style Home InOffice Double Sofa,CATEGORY_NAME=Living Room,SUB_CATEGORY_NAME=Furniture","0,0,600,0,0,600,600,600"
gs://image_indexing_hclstore_catalog/Emerald/images/catalog/livingroom/furniture/couch2_e1_600.jpg,14063,Emerald,LR-FNTR-CO-0002-0005,homegoods-v2,Style Home InOffice Double Sofa,"PARTNUMBER=LR-FNTR-CO-0002-0005,NAME=Style Home InOffice Double Sofa,CATEGORY_NAME=Living Room,SUB_CATEGORY_NAME=Furniture","0,0,600,0,0,600,600,600"
gs://image_indexing_hclstore_catalog/Emerald/images/catalog/livingroom/furniture/couch2_a1_600.jpg,14064,Emerald,LR-FNTR-CO-0002-0006,homegoods-v2,Style Home InOffice Double Sofa,"PARTNUMBER=LR-FNTR-CO-0002-0006,NAME=Style Home InOffice Double Sofa,CATEGORY_NAME=Living Room,SUB_CATEGORY_NAME=Furniture","0,0,600,0,0,600,600,600"
gs://image_indexing_hclstore_catalog/Emerald/images/catalog/livingroom/furniture/couch2_b1_600.jpg,14065,Emerald,LR-FNTR-CO-0002-0007,homegoods-v2,Style Home InOffice Double Sofa,"PARTNUMBER=LR-FNTR-CO-0002-0007,NAME=Style Home InOffice Double Sofa,CATEGORY_NAME=Living Room,SUB_CATEGORY_NAME=Furniture","0,0,600,0,0,600,600,600"
gs://image_indexing_hclstore_catalog/Emerald/images/catalog/livingroom/furniture/couch2_c1_600.jpg,14066,Emerald,LR-FNTR-CO-0002-0008,homegoods-v2,Style Home InOffice Double Sofa,"PARTNUMBER=LR-FNTR-CO-0002-0008,NAME=Style Home InOffice Double Sofa,CATEGORY_NAME=Living Room,SUB_CATEGORY_NAME=Furniture","0,0,600,0,0,600,600,600"
gs://image_indexing_hclstore_catalog/Emerald/images/catalog/livingroom/furniture/couch2_d1_600.jpg,14067,Emerald,LR-FNTR-CO-0002-0009,homegoods-v2,Style Home InOffice Double Sofa,"PARTNUMBER=LR-FNTR-CO-0002-0009,NAME=Style Home InOffice Double Sofa,CATEGORY_NAME=Living Room,SUB_CATEGORY_NAME=Furniture","0,0,600,0,0,600,600,600"
gs://image_indexing_hclstore_catalog/Emerald/images/catalog/livingroom/furniture/couch2_e1_600.jpg,14068,Emerald,LR-FNTR-CO-0002-0010,homegoods-v2,Style Home InOffice Double Sofa,"PARTNUMBER=LR-FNTR-CO-0002-0010,NAME=Style Home InOffice Double Sofa,CATEGORY_NAME=Living Room,SUB_CATEGORY_NAME=Furniture","0,0,600,0,0,600,600,600"
gs://image_indexing_hclstore_catalog/Emerald/images/catalog/livingroom/furniture/couch3_a1_600.jpg,14069,Emerald,LR-FNTR-CO-0003,homegoods-v2,Theatre Sofa,"PARTNUMBER=LR-FNTR-CO-0003,NAME=Theatre Sofa,CATEGORY_NAME=Living Room,SUB_CATEGORY_NAME=Furniture","0,0,600,0,0,600,600,600"
gs://image_indexing_hclstore_catalog/Emerald/images/catalog/livingroom/furniture/couch3_a1_600.jpg,14070,Emerald,LR-FNTR-CO-0003-0001,homegoods-v2,Theatre Sofa,"PARTNUMBER=LR-FNTR-CO-0003-0001,NAME=Theatre Sofa,CATEGORY_NAME=Living Room,SUB_CATEGORY_NAME=Furniture","0,0,600,0,0,600,600,600"
gs://image_indexing_hclstore_catalog/Emerald/images/catalog/livingroom/furniture/couch3_b1_600.jpg,14071,Emerald,LR-FNTR-CO-0003-0002,homegoods-v2,Theatre Sofa,"PARTNUMBER=LR-FNTR-CO-0003-0002,NAME=Theatre Sofa,CATEGORY_NAME=Living Room,SUB_CATEGORY_NAME=Furniture","0,0,600,0,0,600,600,600"
gs://image_indexing_hclstore_catalog/Emerald/images/catalog/livingroom/furniture/couch3_a1_600.jpg,14072,Emerald,LR-FNTR-CO-0003-0003,homegoods-v2,Theatre Sofa,"PARTNUMBER=LR-FNTR-CO-0003-0003,NAME=Theatre Sofa,CATEGORY_NAME=Living Room,SUB_CATEGORY_NAME=Furniture","0,0,600,0,0,600,600,600"
gs://image_indexing_hclstore_catalog/Emerald/images/catalog/livingroom/furniture/couch3_b1_600.jpg,14073,Emerald,LR-FNTR-CO-0003-0004,homegoods-v2,Theatre Sofa,"PARTNUMBER=LR-FNTR-CO-0003-0004,NAME=Theatre Sofa,CATEGORY_NAME=Living Room,SUB_CATEGORY_NAME=Furniture","0,0,600,0,0,600,600,600"
gs://image_indexing_hclstore_catalog/Emerald/images/catalog/livingroom/furniture/couch4_a1_600.jpg,14074,Emerald,LR-FNTR-CO-0004,homegoods-v2,Plump Leather Sofa,"PARTNUMBER=LR-FNTR-CO-0004,NAME=Plump Leather Sofa,CATEGORY_NAME=Living Room,SUB_CATEGORY_NAME=Furniture","0,0,600,0,0,600,600,600"
gs://image_indexing_hclstore_catalog/Emerald/images/catalog/livingroom/furniture/couch4_a1_600.jpg,14075,Emerald,LR-FNTR-CO-0004-0001,homegoods-v2,Plump Leather Sofa,"PARTNUMBER=LR-FNTR-CO-0004-0001,NAME=Plump Leather Sofa,CATEGORY_NAME=Living Room,SUB_CATEGORY_NAME=Furniture","0,0,600,0,0,600,600,600"
gs://image_indexing_hclstore_catalog/Emerald/images/catalog/livingroom/furniture/couch4_b1_600.jpg,14076,Emerald,LR-FNTR-CO-0004-0002,homegoods-v2,Plump Leather Sofa,"PARTNUMBER=LR-FNTR-CO-0004-0002,NAME=Plump Leather Sofa,CATEGORY_NAME=Living Room,SUB_CATEGORY_NAME=Furniture","0,0,600,0,0,600,600,600"
gs://image_indexing_hclstore_catalog/Emerald/images/catalog/livingroom/furniture/couch4_c1_600.jpg,14077,Emerald,LR-FNTR-CO-0004-0003,homegoods-v2,Plump Leather Sofa,"PARTNUMBER=LR-FNTR-CO-0004-0003,NAME=Plump Leather Sofa,CATEGORY_NAME=Living Room,SUB_CATEGORY_NAME=Furniture","0,0,600,0,0,600,600,600"
gs://image_indexing_hclstore_catalog/Emerald/images/catalog/livingroom/furniture/couch4_d1_600.jpg,14078,Emerald,LR-FNTR-CO-0004-0004,homegoods-v2,Plump Leather Sofa,"PARTNUMBER=LR-FNTR-CO-0004-0004,NAME=Plump Leather Sofa,CATEGORY_NAME=Living Room,SUB_CATEGORY_NAME=Furniture","0,0,600,0,0,600,600,600"
gs://image_indexing_hclstore_catalog/Emerald/images/catalog/livingroom/furniture/couch4_a1_600.jpg,14079,Emerald,LR-FNTR-CO-0004-0005,homegoods-v2,Plump Leather Sofa,"PARTNUMBER=LR-FNTR-CO-0004-0005,NAME=Plump Leather Sofa,CATEGORY_NAME=Living Room,SUB_CATEGORY_NAME=Furniture","0,0,600,0,0,600,600,600"
gs://image_indexing_hclstore_catalog/Emerald/images/catalog/livingroom/furniture/couch4_b1_600.jpg,14080,Emerald,LR-FNTR-CO-0004-0006,homegoods-v2,Plump Leather Sofa,"PARTNUMBER=LR-FNTR-CO-0004-0006,NAME=Plump Leather Sofa,CATEGORY_NAME=Living Room,SUB_CATEGORY_NAME=Furniture","0,0,600,0,0,600,600,600"
gs://image_indexing_hclstore_catalog/Emerald/images/catalog/livingroom/furniture/couch4_c1_600.jpg,14081,Emerald,LR-FNTR-CO-0004-0007,homegoods-v2,Plump Leather Sofa,"PARTNUMBER=LR-FNTR-CO-0004-0007,NAME=Plump Leather Sofa,CATEGORY_NAME=Living Room,SUB_CATEGORY_NAME=Furniture","0,0,600,0,0,600,600,600"
gs://image_indexing_hclstore_catalog/Emerald/images/catalog/livingroom/furniture/couch4_d1_600.jpg,14082,Emerald,LR-FNTR-CO-0004-0008,homegoods-v2,Plump Leather Sofa,"PARTNUMBER=LR-FNTR-CO-0004-0008,NAME=Plump Leather Sofa,CATEGORY_NAME=Living Room,SUB_CATEGORY_NAME=Furniture","0,0,600,0,0,600,600,600"
gs://image_indexing_hclstore_catalog/Emerald/images/catalog/livingroom/furniture/couch5_a1_600.jpg,14083,Emerald,LR-FNTR-CO-0005,homegoods-v2,Vintage Leather Sofa,"PARTNUMBER=LR-FNTR-CO-0005,NAME=Vintage Leather Sofa,CATEGORY_NAME=Living Room,SUB_CATEGORY_NAME=Furniture","0,0,600,0,0,600,600,600"
gs://image_indexing_hclstore_catalog/Emerald/images/catalog/livingroom/furniture/couch5_a1_600.jpg,14084,Emerald,LR-FNTR-CO-0005-0001,homegoods-v2,Vintage Leather Sofa,"PARTNUMBER=LR-FNTR-CO-0005-0001,NAME=Vintage Leather Sofa,CATEGORY_NAME=Living Room,SUB_CATEGORY_NAME=Furniture","0,0,600,0,0,600,600,600"
gs://image_indexing_hclstore_catalog/Emerald/images/catalog/livingroom/furniture/couch5_b1_600.jpg,14085,Emerald,LR-FNTR-CO-0005-0002,homegoods-v2,Vintage Leather Sofa,"PARTNUMBER=LR-FNTR-CO-0005-0002,NAME=Vintage Leather Sofa,CATEGORY_NAME=Living Room,SUB_CATEGORY_NAME=Furniture","0,0,600,0,0,600,600,600"
gs://image_indexing_hclstore_catalog/Emerald/images/catalog/livingroom/furniture/couch5_c1_600.jpg,14086,Emerald,LR-FNTR-CO-0005-0003,homegoods-v2,Vintage Leather Sofa,"PARTNUMBER=LR-FNTR-CO-0005-0003,NAME=Vintage Leather Sofa,CATEGORY_NAME=Living Room,SUB_CATEGORY_NAME=Furniture","0,0,600,0,0,600,600,600"
gs://image_indexing_hclstore_catalog/Emerald/images/catalog/livingroom/furniture/couch5_d1_600.jpg,14087,Emerald,LR-FNTR-CO-0005-0004,homegoods-v2,Vintage Leather Sofa,"PARTNUMBER=LR-FNTR-CO-0005-0004,NAME=Vintage Leather Sofa,CATEGORY_NAME=Living Room,SUB_CATEGORY_NAME=Furniture","0,0,600,0,0,600,600,600"
gs://image_indexing_hclstore_catalog/Emerald/images/catalog/livingroom/furniture/couch5_a1_600.jpg,14088,Emerald,LR-FNTR-CO-0005-0005,homegoods-v2,Vintage Leather Sofa,"PARTNUMBER=LR-FNTR-CO-0005-0005,NAME=Vintage Leather Sofa,CATEGORY_NAME=Living Room,SUB_CATEGORY_NAME=Furniture","0,0,600,0,0,600,600,600"
gs://image_indexing_hclstore_catalog/Emerald/images/catalog/livingroom/furniture/couch5_b1_600.jpg,14089,Emerald,LR-FNTR-CO-0005-0006,homegoods-v2,Vintage Leather Sofa,"PARTNUMBER=LR-FNTR-CO-0005-0006,NAME=Vintage Leather Sofa,CATEGORY_NAME=Living Room,SUB_CATEGORY_NAME=Furniture","0,0,600,0,0,600,600,600"
gs://image_indexing_hclstore_catalog/Emerald/images/catalog/livingroom/furniture/couch5_c1_600.jpg,14090,Emerald,LR-FNTR-CO-0005-0007,homegoods-v2,Vintage Leather Sofa,"PARTNUMBER=LR-FNTR-CO-0005-0007,NAME=Vintage Leather Sofa,CATEGORY_NAME=Living Room,SUB_CATEGORY_NAME=Furniture","0,0,600,0,0,600,600,600"
gs://image_indexing_hclstore_catalog/Emerald/images/catalog/livingroom/furniture/couch5_d1_600.jpg,14091,Emerald,LR-FNTR-CO-0005-0008,homegoods-v2,Vintage Leather Sofa,"PARTNUMBER=LR-FNTR-CO-0005-0008,NAME=Vintage Leather Sofa,CATEGORY_NAME=Living Room,SUB_CATEGORY_NAME=Furniture","0,0,600,0,0,600,600,600"
gs://image_indexing_hclstore_catalog/Emerald/images/catalog/livingroom/furniture/couch6_a1_600.jpg,14092,Emerald,LR-FNTR-CO-0006,homegoods-v2,Casual Sofa,"PARTNUMBER=LR-FNTR-CO-0006,NAME=Casual Sofa,CATEGORY_NAME=Living Room,SUB_CATEGORY_NAME=Furniture","0,0,600,0,0,600,600,600"
gs://image_indexing_hclstore_catalog/Emerald/images/catalog/livingroom/furniture/couch6_a1_600.jpg,14093,Emerald,LR-FNTR-CO-0006-0001,homegoods-v2,Casual Sofa,"PARTNUMBER=LR-FNTR-CO-0006-0001,NAME=Casual Sofa,CATEGORY_NAME=Living Room,SUB_CATEGORY_NAME=Furniture","0,0,600,0,0,600,600,600"
gs://image_indexing_hclstore_catalog/Emerald/images/catalog/livingroom/furniture/couch6_b1_600.jpg,14094,Emerald,LR-FNTR-CO-0006-0002,homegoods-v2,Casual Sofa,"PARTNUMBER=LR-FNTR-CO-0006-0002,NAME=Casual Sofa,CATEGORY_NAME=Living Room,SUB_CATEGORY_NAME=Furniture","0,0,600,0,0,600,600,600"
gs://image_indexing_hclstore_catalog/Emerald/images/catalog/livingroom/furniture/couch6_c1_600.jpg,14095,Emerald,LR-FNTR-CO-0006-0003,homegoods-v2,Casual Sofa,"PARTNUMBER=LR-FNTR-CO-0006-0003,NAME=Casual Sofa,CATEGORY_NAME=Living Room,SUB_CATEGORY_NAME=Furniture","0,0,600,0,0,600,600,600"
gs://image_indexing_hclstore_catalog/Emerald/images/catalog/livingroom/furniture/couch6_d1_600.jpg,14096,Emerald,LR-FNTR-CO-0006-0004,homegoods-v2,Casual Sofa,"PARTNUMBER=LR-FNTR-CO-0006-0004,NAME=Casual Sofa,CATEGORY_NAME=Living Room,SUB_CATEGORY_NAME=Furniture","0,0,600,0,0,600,600,600"
gs://image_indexing_hclstore_catalog/Emerald/images/catalog/livingroom/furniture/couch6_e1_600.jpg,14097,Emerald,LR-FNTR-CO-0006-0005,homegoods-v2,Casual Sofa,"PARTNUMBER=LR-FNTR-CO-0006-0005,NAME=Casual Sofa,CATEGORY_NAME=Living Room,SUB_CATEGORY_NAME=Furniture","0,0,600,0,0,600,600,600"
gs://image_indexing_hclstore_catalog/Emerald/images/catalog/livingroom/furniture/couch6_a1_600.jpg,14098,Emerald,LR-FNTR-CO-0006-0006,homegoods-v2,Casual Sofa,"PARTNUMBER=LR-FNTR-CO-0006-0006,NAME=Casual Sofa,CATEGORY_NAME=Living Room,SUB_CATEGORY_NAME=Furniture","0,0,600,0,0,600,600,600"
gs://image_indexing_hclstore_catalog/Emerald/images/catalog/livingroom/furniture/couch6_b1_600.jpg,14099,Emerald,LR-FNTR-CO-0006-0007,homegoods-v2,Casual Sofa,"PARTNUMBER=LR-FNTR-CO-0006-0007,NAME=Casual Sofa,CATEGORY_NAME=Living Room,SUB_CATEGORY_NAME=Furniture","0,0,600,0,0,600,600,600"
gs://image_indexing_hclstore_catalog/Emerald/images/catalog/livingroom/furniture/couch6_c1_600.jpg,14100,Emerald,LR-FNTR-CO-0006-0008,homegoods-v2,Casual Sofa,"PARTNUMBER=LR-FNTR-CO-0006-0008,NAME=Casual Sofa,CATEGORY_NAME=Living Room,SUB_CATEGORY_NAME=Furniture","0,0,600,0,0,600,600,600"
gs://image_indexing_hclstore_catalog/Emerald/images/catalog/livingroom/furniture/couch6_d1_600.jpg,14101,Emerald,LR-FNTR-CO-0006-0009,homegoods-v2,Casual Sofa,"PARTNUMBER=LR-FNTR-CO-0006-0009,NAME=Casual Sofa,CATEGORY_NAME=Living Room,SUB_CATEGORY_NAME=Furniture","0,0,600,0,0,600,600,600"
gs://image_indexing_hclstore_catalog/Emerald/images/catalog/livingroom/furniture/couch6_e1_600.jpg,14102,Emerald,LR-FNTR-CO-0006-0010,homegoods-v2,Casual Sofa,"PARTNUMBER=LR-FNTR-CO-0006-0010,NAME=Casual Sofa,CATEGORY_NAME=Living Room,SUB_CATEGORY_NAME=Furniture","0,0,600,0,0,600,600,600"
gs://image_indexing_hclstore_catalog/Emerald/images/catalog/livingroom/furniture/couch7_a1_600.jpg,14103,Emerald,LR-FNTR-CO-0007,homegoods-v2,Soft Plush Sofa,"PARTNUMBER=LR-FNTR-CO-0007,NAME=Soft Plush Sofa,CATEGORY_NAME=Living Room,SUB_CATEGORY_NAME=Furniture","0,0,600,0,0,600,600,600"
gs://image_indexing_hclstore_catalog/Emerald/images/catalog/livingroom/furniture/couch7_a1_600.jpg,14104,Emerald,LR-FNTR-CO-0007-0001,homegoods-v2,Soft Plush Sofa,"PARTNUMBER=LR-FNTR-CO-0007-0001,NAME=Soft Plush Sofa,CATEGORY_NAME=Living Room,SUB_CATEGORY_NAME=Furniture","0,0,600,0,0,600,600,600"
gs://image_indexing_hclstore_catalog/Emerald/images/catalog/livingroom/furniture/couch7_b1_600.jpg,14105,Emerald,LR-FNTR-CO-0007-0002,homegoods-v2,Soft Plush Sofa,"PARTNUMBER=LR-FNTR-CO-0007-0002,NAME=Soft Plush Sofa,CATEGORY_NAME=Living Room,SUB_CATEGORY_NAME=Furniture","0,0,600,0,0,600,600,600"
gs://image_indexing_hclstore_catalog/Emerald/images/catalog/livingroom/furniture/couch7_a1_600.jpg,14106,Emerald,LR-FNTR-CO-0007-0003,homegoods-v2,Soft Plush Sofa,"PARTNUMBER=LR-FNTR-CO-0007-0003,NAME=Soft Plush Sofa,CATEGORY_NAME=Living Room,SUB_CATEGORY_NAME=Furniture","0,0,600,0,0,600,600,600"
gs://image_indexing_hclstore_catalog/Emerald/images/catalog/livingroom/furniture/couch7_b1_600.jpg,14107,Emerald,LR-FNTR-CO-0007-0004,homegoods-v2,Soft Plush Sofa,"PARTNUMBER=LR-FNTR-CO-0007-0004,NAME=Soft Plush Sofa,CATEGORY_NAME=Living Room,SUB_CATEGORY_NAME=Furniture","0,0,600,0,0,600,600,600"
gs://image_indexing_hclstore_catalog/Emerald/images/catalog/livingroom/furniture/couch8_a1_600.jpg,14108,Emerald,LR-FNTR-CO-0008,homegoods-v2,Style Home UltraCozy Large Sofa,"PARTNUMBER=LR-FNTR-CO-0008,NAME=Style Home UltraCozy Large Sofa,CATEGORY_NAME=Living Room,SUB_CATEGORY_NAME=Furniture","0,0,600,0,0,600,600,600"
gs://image_indexing_hclstore_catalog/Emerald/images/catalog/livingroom/furniture/couch8_a1_600.jpg,14109,Emerald,LR-FNTR-CO-0008-0001,homegoods-v2,Style Home UltraCozy Large Sofa,"PARTNUMBER=LR-FNTR-CO-0008-0001,NAME=Style Home UltraCozy Large Sofa,CATEGORY_NAME=Living Room,SUB_CATEGORY_NAME=Furniture","0,0,600,0,0,600,600,600"
gs://image_indexing_hclstore_catalog/Emerald/images/catalog/livingroom/furniture/couch8_b1_600.jpg,14110,Emerald,LR-FNTR-CO-0008-0002,homegoods-v2,Style Home UltraCozy Large Sofa,"PARTNUMBER=LR-FNTR-CO-0008-0002,NAME=Style Home UltraCozy Large Sofa,CATEGORY_NAME=Living Room,SUB_CATEGORY_NAME=Furniture","0,0,600,0,0,600,600,600"
gs://image_indexing_hclstore_catalog/Emerald/images/catalog/livingroom/furniture/couch8_c1_600.jpg,14111,Emerald,LR-FNTR-CO-0008-0003,homegoods-v2,Style Home UltraCozy Large Sofa,"PARTNUMBER=LR-FNTR-CO-0008-0003,NAME=Style Home UltraCozy Large Sofa,CATEGORY_NAME=Living Room,SUB_CATEGORY_NAME=Furniture","0,0,600,0,0,600,600,600"
gs://image_indexing_hclstore_catalog/Emerald/images/catalog/livingroom/furniture/couch8_d1_600.jpg,14112,Emerald,LR-FNTR-CO-0008-0004,homegoods-v2,Style Home UltraCozy Large Sofa,"PARTNUMBER=LR-FNTR-CO-0008-0004,NAME=Style Home UltraCozy Large Sofa,CATEGORY_NAME=Living Room,SUB_CATEGORY_NAME=Furniture","0,0,600,0,0,600,600,600"
gs://image_indexing_hclstore_catalog/Emerald/images/catalog/livingroom/furniture/couch8_a1_600.jpg,14113,Emerald,LR-FNTR-CO-0008-0005,homegoods-v2,Style Home UltraCozy Large Sofa,"PARTNUMBER=LR-FNTR-CO-0008-0005,NAME=Style Home UltraCozy Large Sofa,CATEGORY_NAME=Living Room,SUB_CATEGORY_NAME=Furniture","0,0,600,0,0,600,600,600"
gs://image_indexing_hclstore_catalog/Emerald/images/catalog/livingroom/furniture/couch8_b1_600.jpg,14114,Emerald,LR-FNTR-CO-0008-0006,homegoods-v2,Style Home UltraCozy Large Sofa,"PARTNUMBER=LR-FNTR-CO-0008-0006,NAME=Style Home UltraCozy Large Sofa,CATEGORY_NAME=Living Room,SUB_CATEGORY_NAME=Furniture","0,0,600,0,0,600,600,600"
gs://image_indexing_hclstore_catalog/Emerald/images/catalog/livingroom/furniture/couch8_c1_600.jpg,14115,Emerald,LR-FNTR-CO-0008-0007,homegoods-v2,Style Home UltraCozy Large Sofa,"PARTNUMBER=LR-FNTR-CO-0008-0007,NAME=Style Home UltraCozy Large Sofa,CATEGORY_NAME=Living Room,SUB_CATEGORY_NAME=Furniture","0,0,600,0,0,600,600,600"
gs://image_indexing_hclstore_catalog/Emerald/images/catalog/livingroom/furniture/couch8_d1_600.jpg,14116,Emerald,LR-FNTR-CO-0008-0008,homegoods-v2,Style Home UltraCozy Large Sofa,"PARTNUMBER=LR-FNTR-CO-0008-0008,NAME=Style Home UltraCozy Large Sofa,CATEGORY_NAME=Living Room,SUB_CATEGORY_NAME=Furniture","0,0,600,0,0,600,600,600"
gs://image_indexing_hclstore_catalog/Emerald/images/catalog/livingroom/furniture/couch9_a1_600.jpg,14117,Emerald,LR-FNTR-CO-0009,homegoods-v2,Floating Sofa,"PARTNUMBER=LR-FNTR-CO-0009,NAME=Floating Sofa,CATEGORY_NAME=Living Room,SUB_CATEGORY_NAME=Furniture","0,0,600,0,0,600,600,600"
gs://image_indexing_hclstore_catalog/Emerald/images/catalog/livingroom/furniture/couch9_a1_600.jpg,14118,Emerald,LR-FNTR-CO-0009-0001,homegoods-v2,Floating Sofa,"PARTNUMBER=LR-FNTR-CO-0009-0001,NAME=Floating Sofa,CATEGORY_NAME=Living Room,SUB_CATEGORY_NAME=Furniture","0,0,600,0,0,600,600,600"
gs://image_indexing_hclstore_catalog/Emerald/images/catalog/livingroom/furniture/couch9_b1_600.jpg,14119,Emerald,LR-FNTR-CO-0009-0002,homegoods-v2,Floating Sofa,"PARTNUMBER=LR-FNTR-CO-0009-0002,NAME=Floating Sofa,CATEGORY_NAME=Living Room,SUB_CATEGORY_NAME=Furniture","0,0,600,0,0,600,600,600"
gs://image_indexing_hclstore_catalog/Emerald/images/catalog/livingroom/furniture/couch9_c1_600.jpg,14120,Emerald,LR-FNTR-CO-0009-0003,homegoods-v2,Floating Sofa,"PARTNUMBER=LR-FNTR-CO-0009-0003,NAME=Floating Sofa,CATEGORY_NAME=Living Room,SUB_CATEGORY_NAME=Furniture","0,0,600,0,0,600,600,600"
gs://image_indexing_hclstore_catalog/Emerald/images/catalog/livingroom/furniture/couch9_d1_600.jpg,14121,Emerald,LR-FNTR-CO-0009-0004,homegoods-v2,Floating Sofa,"PARTNUMBER=LR-FNTR-CO-0009-0004,NAME=Floating Sofa,CATEGORY_NAME=Living Room,SUB_CATEGORY_NAME=Furniture","0,0,600,0,0,600,600,600"
gs://image_indexing_hclstore_catalog/Emerald/images/catalog/livingroom/furniture/couch9_e1_600.jpg,14122,Emerald,LR-FNTR-CO-0009-0005,homegoods-v2,Floating Sofa,"PARTNUMBER=LR-FNTR-CO-0009-0005,NAME=Floating Sofa,CATEGORY_NAME=Living Room,SUB_CATEGORY_NAME=Furniture","0,0,600,0,0,600,600,600"
gs://image_indexing_hclstore_catalog/Emerald/images/catalog/livingroom/furniture/couch9_a1_600.jpg,14123,Emerald,LR-FNTR-CO-0009-0006,homegoods-v2,Floating Sofa,"PARTNUMBER=LR-FNTR-CO-0009-0006,NAME=Floating Sofa,CATEGORY_NAME=Living Room,SUB_CATEGORY_NAME=Furniture","0,0,600,0,0,600,600,600"
gs://image_indexing_hclstore_catalog/Emerald/images/catalog/livingroom/furniture/couch9_b1_600.jpg,14124,Emerald,LR-FNTR-CO-0009-0007,homegoods-v2,Floating Sofa,"PARTNUMBER=LR-FNTR-CO-0009-0007,NAME=Floating Sofa,CATEGORY_NAME=Living Room,SUB_CATEGORY_NAME=Furniture","0,0,600,0,0,600,600,600"
gs://image_indexing_hclstore_catalog/Emerald/images/catalog/livingroom/furniture/couch9_c1_600.jpg,14125,Emerald,LR-FNTR-CO-0009-0008,homegoods-v2,Floating Sofa,"PARTNUMBER=LR-FNTR-CO-0009-0008,NAME=Floating Sofa,CATEGORY_NAME=Living Room,SUB_CATEGORY_NAME=Furniture","0,0,600,0,0,600,600,600"
gs://image_indexing_hclstore_catalog/Emerald/images/catalog/livingroom/furniture/couch9_d1_600.jpg,14126,Emerald,LR-FNTR-CO-0009-0009,homegoods-v2,Floating Sofa,"PARTNUMBER=LR-FNTR-CO-0009-0009,NAME=Floating Sofa,CATEGORY_NAME=Living Room,SUB_CATEGORY_NAME=Furniture","0,0,600,0,0,600,600,600"
gs://image_indexing_hclstore_catalog/Emerald/images/catalog/livingroom/furniture/couch9_e1_600.jpg,14127,Emerald,LR-FNTR-CO-0009-0010,homegoods-v2,Floating Sofa,"PARTNUMBER=LR-FNTR-CO-0009-0010,NAME=Floating Sofa,CATEGORY_NAME=Living Room,SUB_CATEGORY_NAME=Furniture","0,0,600,0,0,600,600,600"
gs://image_indexing_hclstore_catalog/Emerald/images/catalog/livingroom/furniture/couch10_a1_600.jpg,14128,Emerald,LR-FNTR-CO-0010,homegoods-v2,Supreme LoungeStyle Double Sofa,"PARTNUMBER=LR-FNTR-CO-0010,NAME=Supreme LoungeStyle Double Sofa,CATEGORY_NAME=Living Room,SUB_CATEGORY_NAME=Furniture","0,0,600,0,0,600,600,600"
gs://image_indexing_hclstore_catalog/Emerald/images/catalog/livingroom/furniture/couch10_a1_600.jpg,14129,Emerald,LR-FNTR-CO-0010-0001,homegoods-v2,Supreme LoungeStyle Double Sofa,"PARTNUMBER=LR-FNTR-CO-0010-0001,NAME=Supreme LoungeStyle Double Sofa,CATEGORY_NAME=Living Room,SUB_CATEGORY_NAME=Furniture","0,0,600,0,0,600,600,600"
gs://image_indexing_hclstore_catalog/Emerald/images/catalog/livingroom/furniture/couch10_b1_600.jpg,14130,Emerald,LR-FNTR-CO-0010-0002,homegoods-v2,Supreme LoungeStyle Double Sofa,"PARTNUMBER=LR-FNTR-CO-0010-0002,NAME=Supreme LoungeStyle Double Sofa,CATEGORY_NAME=Living Room,SUB_CATEGORY_NAME=Furniture","0,0,600,0,0,600,600,600"
gs://image_indexing_hclstore_catalog/Emerald/images/catalog/livingroom/furniture/couch10_c1_600.jpg,14131,Emerald,LR-FNTR-CO-0010-0003,homegoods-v2,Supreme LoungeStyle Double Sofa,"PARTNUMBER=LR-FNTR-CO-0010-0003,NAME=Supreme LoungeStyle Double Sofa,CATEGORY_NAME=Living Room,SUB_CATEGORY_NAME=Furniture","0,0,600,0,0,600,600,600"
gs://image_indexing_hclstore_catalog/Emerald/images/catalog/livingroom/furniture/couch10_d1_600.jpg,14132,Emerald,LR-FNTR-CO-0010-0004,homegoods-v2,Supreme LoungeStyle Double Sofa,"PARTNUMBER=LR-FNTR-CO-0010-0004,NAME=Supreme LoungeStyle Double Sofa,CATEGORY_NAME=Living Room,SUB_CATEGORY_NAME=Furniture","0,0,600,0,0,600,600,600"
gs://image_indexing_hclstore_catalog/Emerald/images/catalog/livingroom/furniture/couch10_e1_600.jpg,14133,Emerald,LR-FNTR-CO-0010-0005,homegoods-v2,Supreme LoungeStyle Double Sofa,"PARTNUMBER=LR-FNTR-CO-0010-0005,NAME=Supreme LoungeStyle Double Sofa,CATEGORY_NAME=Living Room,SUB_CATEGORY_NAME=Furniture","0,0,600,0,0,600,600,600"
gs://image_indexing_hclstore_catalog/Emerald/images/catalog/livingroom/furniture/couch10_a1_600.jpg,14134,Emerald,LR-FNTR-CO-0010-0006,homegoods-v2,Supreme LoungeStyle Double Sofa,"PARTNUMBER=LR-FNTR-CO-0010-0006,NAME=Supreme LoungeStyle Double Sofa,CATEGORY_NAME=Living Room,SUB_CATEGORY_NAME=Furniture","0,0,600,0,0,600,600,600"
gs://image_indexing_hclstore_catalog/Emerald/images/catalog/livingroom/furniture/couch10_b1_600.jpg,14135,Emerald,LR-FNTR-CO-0010-0007,homegoods-v2,Supreme LoungeStyle Double Sofa,"PARTNUMBER=LR-FNTR-CO-0010-0007,NAME=Supreme LoungeStyle Double Sofa,CATEGORY_NAME=Living Room,SUB_CATEGORY_NAME=Furniture","0,0,600,0,0,600,600,600"
gs://image_indexing_hclstore_catalog/Emerald/images/catalog/livingroom/furniture/couch10_c1_600.jpg,14136,Emerald,LR-FNTR-CO-0010-0008,homegoods-v2,Supreme LoungeStyle Double Sofa,"PARTNUMBER=LR-FNTR-CO-0010-0008,NAME=Supreme LoungeStyle Double Sofa,CATEGORY_NAME=Living Room,SUB_CATEGORY_NAME=Furniture","0,0,600,0,0,600,600,600"
gs://image_indexing_hclstore_catalog/Emerald/images/catalog/livingroom/furniture/couch10_d1_600.jpg,14137,Emerald,LR-FNTR-CO-0010-0009,homegoods-v2,Supreme LoungeStyle Double Sofa,"PARTNUMBER=LR-FNTR-CO-0010-0009,NAME=Supreme LoungeStyle Double Sofa,CATEGORY_NAME=Living Room,SUB_CATEGORY_NAME=Furniture","0,0,600,0,0,600,600,600"
gs://image_indexing_hclstore_catalog/Emerald/images/catalog/livingroom/furniture/couch10_e1_600.jpg,14138,Emerald,LR-FNTR-CO-0010-0010,homegoods-v2,Supreme LoungeStyle Double Sofa,"PARTNUMBER=LR-FNTR-CO-0010-0010,NAME=Supreme LoungeStyle Double Sofa,CATEGORY_NAME=Living Room,SUB_CATEGORY_NAME=Furniture","0,0,600,0,0,600,600,600"
gs://image_indexing_hclstore_catalog/Emerald/images/catalog/livingroom/furniture/couch11_a1_600.jpg,14139,Emerald,LR-FNTR-CO-0011,homegoods-v2,Style Home Modern Rimmed 3 Piece Sofa Set,"PARTNUMBER=LR-FNTR-CO-0011,NAME=Style Home Modern Rimmed 3 Piece Sofa Set,CATEGORY_NAME=Living Room,SUB_CATEGORY_NAME=Furniture","0,0,600,0,0,600,600,600"
gs://image_indexing_hclstore_catalog/Emerald/images/catalog/livingroom/furniture/couch11_a1_600.jpg,14140,Emerald,LR-FNTR-CO-0011-0001,homegoods-v2,Style Home Modern Rimmed 3 Piece Sofa Set,"PARTNUMBER=LR-FNTR-CO-0011-0001,NAME=Style Home Modern Rimmed 3 Piece Sofa Set,CATEGORY_NAME=Living Room,SUB_CATEGORY_NAME=Furniture","0,0,600,0,0,600,600,600"
gs://image_indexing_hclstore_catalog/Emerald/images/catalog/livingroom/furniture/couch11_b1_600.jpg,14141,Emerald,LR-FNTR-CO-0011-0002,homegoods-v2,Style Home Modern Rimmed 3 Piece Sofa Set,"PARTNUMBER=LR-FNTR-CO-0011-0002,NAME=Style Home Modern Rimmed 3 Piece Sofa Set,CATEGORY_NAME=Living Room,SUB_CATEGORY_NAME=Furniture","0,0,600,0,0,600,600,600"
gs://image_indexing_hclstore_catalog/Emerald/images/catalog/livingroom/furniture/couch11_c1_600.jpg,14142,Emerald,LR-FNTR-CO-0011-0003,homegoods-v2,Style Home Modern Rimmed 3 Piece Sofa Set,"PARTNUMBER=LR-FNTR-CO-0011-0003,NAME=Style Home Modern Rimmed 3 Piece Sofa Set,CATEGORY_NAME=Living Room,SUB_CATEGORY_NAME=Furniture","0,0,600,0,0,600,600,600"
gs://image_indexing_hclstore_catalog/Emerald/images/catalog/livingroom/furniture/couch11_d1_600.jpg,14143,Emerald,LR-FNTR-CO-0011-0004,homegoods-v2,Style Home Modern Rimmed 3 Piece Sofa Set,"PARTNUMBER=LR-FNTR-CO-0011-0004,NAME=Style Home Modern Rimmed 3 Piece Sofa Set,CATEGORY_NAME=Living Room,SUB_CATEGORY_NAME=Furniture","0,0,600,0,0,600,600,600"
gs://image_indexing_hclstore_catalog/Emerald/images/catalog/livingroom/furniture/couch11_a1_600.jpg,14144,Emerald,LR-FNTR-CO-0011-0005,homegoods-v2,Style Home Modern Rimmed 3 Piece Sofa Set,"PARTNUMBER=LR-FNTR-CO-0011-0005,NAME=Style Home Modern Rimmed 3 Piece Sofa Set,CATEGORY_NAME=Living Room,SUB_CATEGORY_NAME=Furniture","0,0,600,0,0,600,600,600"
gs://image_indexing_hclstore_catalog/Emerald/images/catalog/livingroom/furniture/couch11_b1_600.jpg,14145,Emerald,LR-FNTR-CO-0011-0006,homegoods-v2,Style Home Modern Rimmed 3 Piece Sofa Set,"PARTNUMBER=LR-FNTR-CO-0011-0006,NAME=Style Home Modern Rimmed 3 Piece Sofa Set,CATEGORY_NAME=Living Room,SUB_CATEGORY_NAME=Furniture","0,0,600,0,0,600,600,600"
gs://image_indexing_hclstore_catalog/Emerald/images/catalog/livingroom/furniture/couch11_c1_600.jpg,14146,Emerald,LR-FNTR-CO-0011-0007,homegoods-v2,Style Home Modern Rimmed 3 Piece Sofa Set,"PARTNUMBER=LR-FNTR-CO-0011-0007,NAME=Style Home Modern Rimmed 3 Piece Sofa Set,CATEGORY_NAME=Living Room,SUB_CATEGORY_NAME=Furniture","0,0,600,0,0,600,600,600"
gs://image_indexing_hclstore_catalog/Emerald/images/catalog/livingroom/furniture/couch11_d1_600.jpg,14147,Emerald,LR-FNTR-CO-0011-0008,homegoods-v2,Style Home Modern Rimmed 3 Piece Sofa Set,"PARTNUMBER=LR-FNTR-CO-0011-0008,NAME=Style Home Modern Rimmed 3 Piece Sofa Set,CATEGORY_NAME=Living Room,SUB_CATEGORY_NAME=Furniture","0,0,600,0,0,600,600,600"
gs://image_indexing_hclstore_catalog/Emerald/images/catalog/livingroom/furniture/ctable1_a1_600.jpg,14148,Emerald,LR-FNTR-TB-0001,homegoods-v2,Abstract Wooden Coffee Table,"PARTNUMBER=LR-FNTR-TB-0001,NAME=Abstract Wooden Coffee Table,CATEGORY_NAME=Living Room,SUB_CATEGORY_NAME=Furniture","0,0,600,0,0,600,600,600"
gs://image_indexing_hclstore_catalog/Emerald/images/catalog/livingroom/furniture/ctable1_a1_600.jpg,14149,Emerald,LR-FNTR-TB-0001-0001,homegoods-v2,Abstract Wooden Coffee Table,"PARTNUMBER=LR-FNTR-TB-0001-0001,NAME=Abstract Wooden Coffee Table,CATEGORY_NAME=Living Room,SUB_CATEGORY_NAME=Furniture","0,0,600,0,0,600,600,600"
gs://image_indexing_hclstore_catalog/Emerald/images/catalog/livingroom/furniture/ctable1_b1_600.jpg,14150,Emerald,LR-FNTR-TB-0001-0002,homegoods-v2,Abstract Wooden Coffee Table,"PARTNUMBER=LR-FNTR-TB-0001-0002,NAME=Abstract Wooden Coffee Table,CATEGORY_NAME=Living Room,SUB_CATEGORY_NAME=Furniture","0,0,600,0,0,600,600,600"
gs://image_indexing_hclstore_catalog/Emerald/images/catalog/livingroom/furniture/ctable1_c1_600.jpg,14151,Emerald,LR-FNTR-TB-0001-0003,homegoods-v2,Abstract Wooden Coffee Table,"PARTNUMBER=LR-FNTR-TB-0001-0003,NAME=Abstract Wooden Coffee Table,CATEGORY_NAME=Living Room,SUB_CATEGORY_NAME=Furniture","0,0,600,0,0,600,600,600"
gs://image_indexing_hclstore_catalog/Emerald/images/catalog/livingroom/furniture/ctable2_a1_600.jpg,14152,Emerald,LR-FNTR-TB-0002,homegoods-v2,Abstract Wooden Coffee Table,"PARTNUMBER=LR-FNTR-TB-0002,NAME=Abstract Wooden Coffee Table,CATEGORY_NAME=Living Room,SUB_CATEGORY_NAME=Furniture","0,0,600,0,0,600,600,600"
gs://image_indexing_hclstore_catalog/Emerald/images/catalog/livingroom/furniture/ctable2_a1_600.jpg,14153,Emerald,LR-FNTR-TB-0002-0001,homegoods-v2,Abstract Wooden Coffee Table,"PARTNUMBER=LR-FNTR-TB-0002-0001,NAME=Abstract Wooden Coffee Table,CATEGORY_NAME=Living Room,SUB_CATEGORY_NAME=Furniture","0,0,600,0,0,600,600,600"
gs://image_indexing_hclstore_catalog/Emerald/images/catalog/livingroom/furniture/ctable3_a1_600.jpg,14154,Emerald,LR-FNTR-TB-0003,homegoods-v2,Abstract Glass Coffee Table,"PARTNUMBER=LR-FNTR-TB-0003,NAME=Abstract Glass Coffee Table,CATEGORY_NAME=Living Room,SUB_CATEGORY_NAME=Furniture","0,0,600,0,0,600,600,600"
gs://image_indexing_hclstore_catalog/Emerald/images/catalog/livingroom/furniture/ctable3_a1_600.jpg,14155,Emerald,LR-FNTR-TB-0003-0001,homegoods-v2,Abstract Glass Coffee Table,"PARTNUMBER=LR-FNTR-TB-0003-0001,NAME=Abstract Glass Coffee Table,CATEGORY_NAME=Living Room,SUB_CATEGORY_NAME=Furniture","0,0,600,0,0,600,600,600"
gs://image_indexing_hclstore_catalog/Emerald/images/catalog/livingroom/furniture/ctable4_a1_600.jpg,14156,Emerald,LR-FNTR-TB-0004,homegoods-v2,Pub-style Coffee Table,"PARTNUMBER=LR-FNTR-TB-0004,NAME=Pub-style Coffee Table,CATEGORY_NAME=Living Room,SUB_CATEGORY_NAME=Furniture","0,0,600,0,0,600,600,600"
gs://image_indexing_hclstore_catalog/Emerald/images/catalog/livingroom/furniture/ctable4_a1_600.jpg,14157,Emerald,LR-FNTR-TB-0004-0001,homegoods-v2,Pub-style Coffee Table,"PARTNUMBER=LR-FNTR-TB-0004-0001,NAME=Pub-style Coffee Table,CATEGORY_NAME=Living Room,SUB_CATEGORY_NAME=Furniture","0,0,600,0,0,600,600,600"
gs://image_indexing_hclstore_catalog/Emerald/images/catalog/livingroom/furniture/furniture1_a1_600.png,14158,Emerald,LR-FUCH-0001,homegoods-v2,Modern Armchair,"PARTNUMBER=LR-FUCH-0001,NAME=Modern Armchair,CATEGORY_NAME=Living Room,SUB_CATEGORY_NAME=Furniture","0,0,600,0,0,600,600,600"
gs://image_indexing_hclstore_catalog/Emerald/images/catalog/livingroom/furniture/furniture1_a1_600.png,14159,Emerald,LR-FUCH-0001-0001,homegoods-v2,Modern Armchair,"PARTNUMBER=LR-FUCH-0001-0001,NAME=Modern Armchair,CATEGORY_NAME=Living Room,SUB_CATEGORY_NAME=Furniture","0,0,600,0,0,600,600,600"
gs://image_indexing_hclstore_catalog/Emerald/images/catalog/livingroom/furniture/furniture1_a1_600.png,14160,Emerald,LR-FUCH-0001-0005,homegoods-v2,Modern Armchair,"PARTNUMBER=LR-FUCH-0001-0005,NAME=Modern Armchair,CATEGORY_NAME=Living Room,SUB_CATEGORY_NAME=Furniture","0,0,600,0,0,600,600,600"
gs://image_indexing_hclstore_catalog/Emerald/images/catalog/livingroom/furniture/furniture2_a1_600.png,14161,Emerald,LR-FUCH-0002,homegoods-v2,Casual Armchair,"PARTNUMBER=LR-FUCH-0002,NAME=Casual Armchair,CATEGORY_NAME=Living Room,SUB_CATEGORY_NAME=Furniture","0,0,600,0,0,600,600,600"
gs://image_indexing_hclstore_catalog/Emerald/images/catalog/livingroom/furniture/furniture2_a1_600.png,14162,Emerald,LR-FUCH-0002-0001,homegoods-v2,Casual Armchair,"PARTNUMBER=LR-FUCH-0002-0001,NAME=Casual Armchair,CATEGORY_NAME=Living Room,SUB_CATEGORY_NAME=Furniture","0,0,600,0,0,600,600,600"
gs://image_indexing_hclstore_catalog/Emerald/images/catalog/livingroom/furniture/furniture2_a1_600.png,14163,Emerald,LR-FUCH-0002-0005,homegoods-v2,Casual Armchair,"PARTNUMBER=LR-FUCH-0002-0005,NAME=Casual Armchair,CATEGORY_NAME=Living Room,SUB_CATEGORY_NAME=Furniture","0,0,600,0,0,600,600,600"
gs://image_indexing_hclstore_catalog/Emerald/images/catalog/livingroom/furniture/furniture3_a1_600.png,14164,Emerald,LR-FUCH-0003,homegoods-v2,Soft Vintage Armchair,"PARTNUMBER=LR-FUCH-0003,NAME=Soft Vintage Armchair,CATEGORY_NAME=Living Room,SUB_CATEGORY_NAME=Furniture","0,0,600,0,0,600,600,600"
gs://image_indexing_hclstore_catalog/Emerald/images/catalog/livingroom/furniture/furniture3_a1_600.png,14165,Emerald,LR-FUCH-0003-0001,homegoods-v2,Soft Vintage Armchair,"PARTNUMBER=LR-FUCH-0003-0001,NAME=Soft Vintage Armchair,CATEGORY_NAME=Living Room,SUB_CATEGORY_NAME=Furniture","0,0,600,0,0,600,600,600"
gs://image_indexing_hclstore_catalog/Emerald/images/catalog/livingroom/furniture/furniture3_a1_600.png,14166,Emerald,LR-FUCH-0003-0005,homegoods-v2,Soft Vintage Armchair,"PARTNUMBER=LR-FUCH-0003-0005,NAME=Soft Vintage Armchair,CATEGORY_NAME=Living Room,SUB_CATEGORY_NAME=Furniture","0,0,600,0,0,600,600,600"
gs://image_indexing_hclstore_catalog/Emerald/images/catalog/livingroom/furniture/furniture4_a1_600.png,14167,Emerald,LR-FUCH-0004,homegoods-v2,Nordic Sofa,"PARTNUMBER=LR-FUCH-0004,NAME=Nordic Sofa,CATEGORY_NAME=Living Room,SUB_CATEGORY_NAME=Furniture","0,0,600,0,0,600,600,600"
gs://image_indexing_hclstore_catalog/Emerald/images/catalog/livingroom/furniture/furniture4_a1_600.png,14168,Emerald,LR-FUCH-0004-0001,homegoods-v2,Nordic Sofa,"PARTNUMBER=LR-FUCH-0004-0001,NAME=Nordic Sofa,CATEGORY_NAME=Living Room,SUB_CATEGORY_NAME=Furniture","0,0,600,0,0,600,600,600"
gs://image_indexing_hclstore_catalog/Emerald/images/catalog/livingroom/furniture/furniture4_a1_600.png,14169,Emerald,LR-FUCH-0004-0005,homegoods-v2,Nordic Sofa,"PARTNUMBER=LR-FUCH-0004-0005,NAME=Nordic Sofa,CATEGORY_NAME=Living Room,SUB_CATEGORY_NAME=Furniture","0,0,600,0,0,600,600,600"
gs://image_indexing_hclstore_catalog/Emerald/images/catalog/livingroom/furniture/furniture5_a1_600.png,14170,Emerald,LR-FUCH-0005,homegoods-v2,Nordic Loveseat,"PARTNUMBER=LR-FUCH-0005,NAME=Nordic Loveseat,CATEGORY_NAME=Living Room,SUB_CATEGORY_NAME=Furniture","0,0,600,0,0,600,600,600"
gs://image_indexing_hclstore_catalog/Emerald/images/catalog/livingroom/furniture/furniture5_a1_600.png,14171,Emerald,LR-FUCH-0005-0001,homegoods-v2,Nordic Loveseat,"PARTNUMBER=LR-FUCH-0005-0001,NAME=Nordic Loveseat,CATEGORY_NAME=Living Room,SUB_CATEGORY_NAME=Furniture","0,0,600,0,0,600,600,600"
gs://image_indexing_hclstore_catalog/Emerald/images/catalog/livingroom/furniture/furniture5_a1_600.png,14172,Emerald,LR-FUCH-0005-0005,homegoods-v2,Nordic Loveseat,"PARTNUMBER=LR-FUCH-0005-0005,NAME=Nordic Loveseat,CATEGORY_NAME=Living Room,SUB_CATEGORY_NAME=Furniture","0,0,600,0,0,600,600,600"
gs://image_indexing_hclstore_catalog/Emerald/images/catalog/livingroom/furniture/couch10_d1_600.jpg,14192,Emerald,LR-FNTR-CO-0010-BLUE,homegoods-v2,Supreme LoungeStyle Double Sofa,"PARTNUMBER=LR-FNTR-CO-0010-BLUE,NAME=Supreme LoungeStyle Double Sofa,CATEGORY_NAME=Living Room,SUB_CATEGORY_NAME=Furniture","0,0,600,0,0,600,600,600"
gs://image_indexing_hclstore_catalog/Emerald/images/catalog/livingroom/furniture/couch10_b1_600.jpg,14193,Emerald,LR-FNTR-CO-0010-GREY,homegoods-v2,Supreme LoungeStyle Double Sofa,"PARTNUMBER=LR-FNTR-CO-0010-GREY,NAME=Supreme LoungeStyle Double Sofa,CATEGORY_NAME=Living Room,SUB_CATEGORY_NAME=Furniture","0,0,600,0,0,600,600,600"
gs://image_indexing_hclstore_catalog/Emerald/images/catalog/livingroom/furniture/couch10_c1_600.jpg,14194,Emerald,LR-FNTR-CO-0010-DARKGREY,homegoods-v2,Supreme LoungeStyle Double Sofa,"PARTNUMBER=LR-FNTR-CO-0010-DARKGREY,NAME=Supreme LoungeStyle Double Sofa,CATEGORY_NAME=Living Room,SUB_CATEGORY_NAME=Furniture","0,0,600,0,0,600,600,600"
gs://image_indexing_hclstore_catalog/Emerald/images/catalog/livingroom/furniture/couch10_e1_600.jpg,14195,Emerald,LR-FNTR-CO-0010-SEAWEED,homegoods-v2,Supreme LoungeStyle Double Sofa,"PARTNUMBER=LR-FNTR-CO-0010-SEAWEED,NAME=Supreme LoungeStyle Double Sofa,CATEGORY_NAME=Living Room,SUB_CATEGORY_NAME=Furniture","0,0,600,0,0,600,600,600"
gs://image_indexing_hclstore_catalog/Emerald/images/catalog/livingroom/furniture/couch10_a1_600.jpg,14196,Emerald,LR-FNTR-CO-0010-CRIMSON,homegoods-v2,Supreme LoungeStyle Double Sofa,"PARTNUMBER=LR-FNTR-CO-0010-CRIMSON,NAME=Supreme LoungeStyle Double Sofa,CATEGORY_NAME=Living Room,SUB_CATEGORY_NAME=Furniture","0,0,600,0,0,600,600,600"
gs://image_indexing_hclstore_catalog/Emerald/images/catalog/livingroom/furniture/furniture4_a5_600.png,14197,Emerald,LR-FUCH-NORDIC-0001,homegoods-v2,Nordic Style,"PARTNUMBER=LR-FUCH-NORDIC-0001,NAME=Nordic Style,CATEGORY_NAME=Living Room,SUB_CATEGORY_NAME=Furniture","0,0,600,0,0,600,600,600"
gs://image_indexing_hclstore_catalog/Emerald/images/catalog/livingroom/furniture/furniturekit1_600.png,14198,Emerald,LR-FUCH-NORDICSET-0001,homegoods-v2,Nordic Sofa Set,"PARTNUMBER=LR-FUCH-NORDICSET-0001,NAME=Nordic Sofa Set,CATEGORY_NAME=Living Room,SUB_CATEGORY_NAME=Furniture","0,0,600,0,0,600,600,600"
gs://image_indexing_hclstore_catalog/Emerald/images/catalog/livingroom/lighting/light1_a1_600.jpg,14173,Emerald,LR-LITB-0001,homegoods-v2,Modern Pendant Light,"PARTNUMBER=LR-LITB-0001,NAME=Modern Pendant Light,CATEGORY_NAME=Living Room,SUB_CATEGORY_NAME=Lighting","0,0,600,0,0,600,600,600"
gs://image_indexing_hclstore_catalog/Emerald/images/catalog/livingroom/lighting/light1_a1_600.jpg,14174,Emerald,LR-LITB-0001-0001,homegoods-v2,Modern Pendant Light,"PARTNUMBER=LR-LITB-0001-0001,NAME=Modern Pendant Light,CATEGORY_NAME=Living Room,SUB_CATEGORY_NAME=Lighting","0,0,600,0,0,600,600,600"
gs://image_indexing_hclstore_catalog/Emerald/images/catalog/livingroom/lighting/light2_a1_600.jpg,14175,Emerald,LR-LITB-0002,homegoods-v2,Weathered Pendant Light,"PARTNUMBER=LR-LITB-0002,NAME=Weathered Pendant Light,CATEGORY_NAME=Living Room,SUB_CATEGORY_NAME=Lighting","0,0,600,0,0,600,600,600"
gs://image_indexing_hclstore_catalog/Emerald/images/catalog/livingroom/lighting/light2_a1_600.jpg,14176,Emerald,LR-LITB-0002-0001,homegoods-v2,Weathered Pendant Light,"PARTNUMBER=LR-LITB-0002-0001,NAME=Weathered Pendant Light,CATEGORY_NAME=Living Room,SUB_CATEGORY_NAME=Lighting","0,0,600,0,0,600,600,600"
gs://image_indexing_hclstore_catalog/Emerald/images/catalog/livingroom/lighting/light3_a1_600.jpg,14177,Emerald,LR-LITB-0003,homegoods-v2,Solid Pendant Light,"PARTNUMBER=LR-LITB-0003,NAME=Solid Pendant Light,CATEGORY_NAME=Living Room,SUB_CATEGORY_NAME=Lighting","0,0,600,0,0,600,600,600"
gs://image_indexing_hclstore_catalog/Emerald/images/catalog/livingroom/lighting/light3_a1_600.jpg,14178,Emerald,LR-LITB-0003-0001,homegoods-v2,Solid Pendant Light,"PARTNUMBER=LR-LITB-0003-0001,NAME=Solid Pendant Light,CATEGORY_NAME=Living Room,SUB_CATEGORY_NAME=Lighting","0,0,600,0,0,600,600,600"
gs://image_indexing_hclstore_catalog/Emerald/images/catalog/livingroom/lighting/light4_a1_600.jpg,14179,Emerald,LR-LITB-0004,homegoods-v2,Brushed Pendant Light,"PARTNUMBER=LR-LITB-0004,NAME=Brushed Pendant Light,CATEGORY_NAME=Living Room,SUB_CATEGORY_NAME=Lighting","0,0,600,0,0,600,600,600"
gs://image_indexing_hclstore_catalog/Emerald/images/catalog/livingroom/lighting/light4_a1_600.jpg,14180,Emerald,LR-LITB-0004-0001,homegoods-v2,Brushed Pendant Light,"PARTNUMBER=LR-LITB-0004-0001,NAME=Brushed Pendant Light,CATEGORY_NAME=Living Room,SUB_CATEGORY_NAME=Lighting","0,0,600,0,0,600,600,600"
gs://image_indexing_hclstore_catalog/Emerald/images/catalog/livingroom/lighting/light5_a1_600.jpg,14181,Emerald,LR-LITB-0005,homegoods-v2,Circular Chandelier,"PARTNUMBER=LR-LITB-0005,NAME=Circular Chandelier,CATEGORY_NAME=Living Room,SUB_CATEGORY_NAME=Lighting","0,0,600,0,0,600,600,600"
gs://image_indexing_hclstore_catalog/Emerald/images/catalog/livingroom/lighting/light5_a1_600.jpg,14182,Emerald,LR-LITB-0005-0001,homegoods-v2,Circular Chandelier,"PARTNUMBER=LR-LITB-0005-0001,NAME=Circular Chandelier,CATEGORY_NAME=Living Room,SUB_CATEGORY_NAME=Lighting","0,0,600,0,0,600,600,600"
gs://image_indexing_hclstore_catalog/Emerald/images/catalog/livingroom/lighting/light6_a1_600.jpg,14183,Emerald,LR-LITB-0006,homegoods-v2,Raindrop Chandelier,"PARTNUMBER=LR-LITB-0006,NAME=Raindrop Chandelier,CATEGORY_NAME=Living Room,SUB_CATEGORY_NAME=Lighting","0,0,600,0,0,600,600,600"
gs://image_indexing_hclstore_catalog/Emerald/images/catalog/livingroom/lighting/light6_a1_600.jpg,14184,Emerald,LR-LITB-0006-0001,homegoods-v2,Raindrop Chandelier,"PARTNUMBER=LR-LITB-0006-0001,NAME=Raindrop Chandelier,CATEGORY_NAME=Living Room,SUB_CATEGORY_NAME=Lighting","0,0,600,0,0,600,600,600"
gs://image_indexing_hclstore_catalog/Emerald/images/catalog/livingroom/lighting/light7_a1_600.jpg,14185,Emerald,LR-LITB-0007,homegoods-v2,Rattan Ceiling Light,"PARTNUMBER=LR-LITB-0007,NAME=Rattan Ceiling Light,CATEGORY_NAME=Living Room,SUB_CATEGORY_NAME=Lighting","0,0,600,0,0,600,600,600"
gs://image_indexing_hclstore_catalog/Emerald/images/catalog/livingroom/lighting/light7_a1_600.jpg,14186,Emerald,LR-LITB-0007-0001,homegoods-v2,Rattan Ceiling Light,"PARTNUMBER=LR-LITB-0007-0001,NAME=Rattan Ceiling Light,CATEGORY_NAME=Living Room,SUB_CATEGORY_NAME=Lighting","0,0,600,0,0,600,600,600"
gs://image_indexing_hclstore_catalog/Emerald/images/catalog/livingroom/lighting/light7_b1_600.jpg,14187,Emerald,LR-LITB-0007-0002,homegoods-v2,Rattan Ceiling Light,"PARTNUMBER=LR-LITB-0007-0002,NAME=Rattan Ceiling Light,CATEGORY_NAME=Living Room,SUB_CATEGORY_NAME=Lighting","0,0,600,0,0,600,600,600"
gs://image_indexing_hclstore_catalog/Emerald/images/catalog/livingroom/lighting/light7_c1_600.jpg,14188,Emerald,LR-LITB-0007-0003,homegoods-v2,Rattan Ceiling Light,"PARTNUMBER=LR-LITB-0007-0003,NAME=Rattan Ceiling Light,CATEGORY_NAME=Living Room,SUB_CATEGORY_NAME=Lighting","0,0,600,0,0,600,600,600"
gs://image_indexing_hclstore_catalog/Emerald/images/catalog/livingroom/lighting/light7_d1_600.jpg,14189,Emerald,LR-LITB-0007-0004,homegoods-v2,Rattan Ceiling Light,"PARTNUMBER=LR-LITB-0007-0004,NAME=Rattan Ceiling Light,CATEGORY_NAME=Living Room,SUB_CATEGORY_NAME=Lighting","0,0,600,0,0,600,600,600"
gs://image_indexing_hclstore_catalog/Emerald/images/catalog/livingroom/lighting/light8_a1_600.png,14190,Emerald,LR-LITB-0008,homegoods-v2,Nordic Lamp,"PARTNUMBER=LR-LITB-0008,NAME=Nordic Lamp,CATEGORY_NAME=Living Room,SUB_CATEGORY_NAME=Lighting","0,0,600,0,0,600,600,600"
gs://image_indexing_hclstore_catalog/Emerald/images/catalog/livingroom/lighting/light8_a1_600.png,14191,Emerald,LR-LITB-0008-0001,homegoods-v2,Nordic Lamp,"PARTNUMBER=LR-LITB-0008-0001,NAME=Nordic Lamp,CATEGORY_NAME=Living Room,SUB_CATEGORY_NAME=Lighting","0,0,600,0,0,600,600,600"
gs://image_indexing_hclstore_catalog/Emerald/images/catalog/livingroom/decoration/mirror1_a1_600.jpg,14001,Emerald,LR-DECO-0001,homegoods-v2,Accent Mirror,"PARTNUMBER=LR-DECO-0001,NAME=Accent Mirror,CATEGORY_NAME=Living Room,SUB_CATEGORY_NAME=Decoration","0,0,600,0,0,600,600,600"
gs://image_indexing_hclstore_catalog/Emerald/images/catalog/livingroom/decoration/mirror1_a1_600.jpg,14002,Emerald,LR-DECO-0001-0001,homegoods-v2,Accent Mirror,"PARTNUMBER=LR-DECO-0001-0001,NAME=Accent Mirror,CATEGORY_NAME=Living Room,SUB_CATEGORY_NAME=Decoration","0,0,600,0,0,600,600,600"
gs://image_indexing_hclstore_catalog/Emerald/images/catalog/livingroom/decoration/mirror2_a1_600.jpg,14003,Emerald,LR-DECO-0002,homegoods-v2,Framed Mirror,"PARTNUMBER=LR-DECO-0002,NAME=Framed Mirror,CATEGORY_NAME=Living Room,SUB_CATEGORY_NAME=Decoration","0,0,600,0,0,600,600,600"
gs://image_indexing_hclstore_catalog/Emerald/images/catalog/livingroom/decoration/mirror2_a1_600.jpg,14004,Emerald,LR-DECO-0002-0001,homegoods-v2,Framed Mirror,"PARTNUMBER=LR-DECO-0002-0001,NAME=Framed Mirror,CATEGORY_NAME=Living Room,SUB_CATEGORY_NAME=Decoration","0,0,600,0,0,600,600,600"
gs://image_indexing_hclstore_catalog/Emerald/images/catalog/livingroom/decoration/rug1_a1_600.jpg,14005,Emerald,LR-DECO-0003,homegoods-v2,Striped Area Rug,"PARTNUMBER=LR-DECO-0003,NAME=Striped Area Rug,CATEGORY_NAME=Living Room,SUB_CATEGORY_NAME=Decoration","0,0,600,0,0,600,600,600"
gs://image_indexing_hclstore_catalog/Emerald/images/catalog/livingroom/decoration/rug1_a1_600.jpg,14006,Emerald,LR-DECO-0003-0001,homegoods-v2,Striped Area Rug,"PARTNUMBER=LR-DECO-0003-0001,NAME=Striped Area Rug,CATEGORY_NAME=Living Room,SUB_CATEGORY_NAME=Decoration","0,0,600,0,0,600,600,600"
gs://image_indexing_hclstore_catalog/Emerald/images/catalog/livingroom/decoration/rug1_b1_600.jpg,14007,Emerald,LR-DECO-0003-0002,homegoods-v2,Striped Area Rug,"PARTNUMBER=LR-DECO-0003-0002,NAME=Striped Area Rug,CATEGORY_NAME=Living Room,SUB_CATEGORY_NAME=Decoration","0,0,600,0,0,600,600,600"
gs://image_indexing_hclstore_catalog/Emerald/images/catalog/livingroom/decoration/rug1_c1_600.jpg,14008,Emerald,LR-DECO-0003-0003,homegoods-v2,Striped Area Rug,"PARTNUMBER=LR-DECO-0003-0003,NAME=Striped Area Rug,CATEGORY_NAME=Living Room,SUB_CATEGORY_NAME=Decoration","0,0,600,0,0,600,600,600"
gs://image_indexing_hclstore_catalog/Emerald/images/catalog/livingroom/decoration/rug2_a1_600.jpg,14009,Emerald,LR-DECO-0004,homegoods-v2,Braided Accent Rug,"PARTNUMBER=LR-DECO-0004,NAME=Braided Accent Rug,CATEGORY_NAME=Living Room,SUB_CATEGORY_NAME=Decoration","0,0,600,0,0,600,600,600"
gs://image_indexing_hclstore_catalog/Emerald/images/catalog/livingroom/decoration/rug2_a1_600.jpg,14010,Emerald,LR-DECO-0004-0001,homegoods-v2,Braided Accent Rug,"PARTNUMBER=LR-DECO-0004-0001,NAME=Braided Accent Rug,CATEGORY_NAME=Living Room,SUB_CATEGORY_NAME=Decoration","0,0,600,0,0,600,600,600"
gs://image_indexing_hclstore_catalog/Emerald/images/catalog/livingroom/decoration/rug2_b1_600.jpg,14011,Emerald,LR-DECO-0004-0002,homegoods-v2,Braided Accent Rug,"PARTNUMBER=LR-DECO-0004-0002,NAME=Braided Accent Rug,CATEGORY_NAME=Living Room,SUB_CATEGORY_NAME=Decoration","0,0,600,0,0,600,600,600"
gs://image_indexing_hclstore_catalog/Emerald/images/catalog/livingroom/decoration/rug2_c1_600.jpg,14012,Emerald,LR-DECO-0004-0003,homegoods-v2,Braided Accent Rug,"PARTNUMBER=LR-DECO-0004-0003,NAME=Braided Accent Rug,CATEGORY_NAME=Living Room,SUB_CATEGORY_NAME=Decoration","0,0,600,0,0,600,600,600"
gs://image_indexing_hclstore_catalog/Emerald/images/catalog/livingroom/decoration/rug3_a1_600.jpg,14013,Emerald,LR-DECO-0005,homegoods-v2,Bordered Decorative Rug,"PARTNUMBER=LR-DECO-0005,NAME=Bordered Decorative Rug,CATEGORY_NAME=Living Room,SUB_CATEGORY_NAME=Decoration","0,0,600,0,0,600,600,600"
gs://image_indexing_hclstore_catalog/Emerald/images/catalog/livingroom/decoration/rug3_a1_600.jpg,14014,Emerald,LR-DECO-0005-0001,homegoods-v2,Bordered Decorative Rug,"PARTNUMBER=LR-DECO-0005-0001,NAME=Bordered Decorative Rug,CATEGORY_NAME=Living Room,SUB_CATEGORY_NAME=Decoration","0,0,600,0,0,600,600,600"
gs://image_indexing_hclstore_catalog/Emerald/images/catalog/livingroom/decoration/rug3_b1_600.jpg,14015,Emerald,LR-DECO-0005-0002,homegoods-v2,Bordered Decorative Rug,"PARTNUMBER=LR-DECO-0005-0002,NAME=Bordered Decorative Rug,CATEGORY_NAME=Living Room,SUB_CATEGORY_NAME=Decoration","0,0,600,0,0,600,600,600"
gs://image_indexing_hclstore_catalog/Emerald/images/catalog/livingroom/decoration/rug3_c1_600.jpg,14016,Emerald,LR-DECO-0005-0003,homegoods-v2,Bordered Decorative Rug,"PARTNUMBER=LR-DECO-0005-0003,NAME=Bordered Decorative Rug,CATEGORY_NAME=Living Room,SUB_CATEGORY_NAME=Decoration","0,0,600,0,0,600,600,600"
gs://image_indexing_hclstore_catalog/Emerald/images/catalog/livingroom/decoration/rug3_d1_600.jpg,14017,Emerald,LR-DECO-0005-0004,homegoods-v2,Bordered Decorative Rug,"PARTNUMBER=LR-DECO-0005-0004,NAME=Bordered Decorative Rug,CATEGORY_NAME=Living Room,SUB_CATEGORY_NAME=Decoration","0,0,600,0,0,600,600,600"
gs://image_indexing_hclstore_catalog/Emerald/images/catalog/diningroom/tables/dintable1_a1_600.jpg,14230,Emerald,DR-TBLS-0001,homegoods-v2,Luncheon Table,"PARTNUMBER=DR-TBLS-0001,NAME=Luncheon Table,CATEGORY_NAME=Dining Room,SUB_CATEGORY_NAME=Tables","0,0,600,0,0,600,600,600"
gs://image_indexing_hclstore_catalog/Emerald/images/catalog/diningroom/tables/dintable1_a1_600.jpg,14231,Emerald,DR-TBLS-0001-0001,homegoods-v2,Luncheon Table,"PARTNUMBER=DR-TBLS-0001-0001,NAME=Luncheon Table,CATEGORY_NAME=Dining Room,SUB_CATEGORY_NAME=Tables","0,0,600,0,0,600,600,600"
gs://image_indexing_hclstore_catalog/Emerald/images/catalog/diningroom/tables/dintable2_a1_600.jpg,14232,Emerald,DR-TBLS-0002,homegoods-v2,Patio Table,"PARTNUMBER=DR-TBLS-0002,NAME=Patio Table,CATEGORY_NAME=Dining Room,SUB_CATEGORY_NAME=Tables","0,0,600,0,0,600,600,600"
gs://image_indexing_hclstore_catalog/Emerald/images/catalog/diningroom/tables/dintable2_a1_600.jpg,14233,Emerald,DR-TBLS-0002-0001,homegoods-v2,Patio Table,"PARTNUMBER=DR-TBLS-0002-0001,NAME=Patio Table,CATEGORY_NAME=Dining Room,SUB_CATEGORY_NAME=Tables","0,0,600,0,0,600,600,600"
gs://image_indexing_hclstore_catalog/Emerald/images/catalog/diningroom/tables/dintable3_a1_600.jpg,14234,Emerald,DR-TBLS-0003,homegoods-v2,Espresso Table,"PARTNUMBER=DR-TBLS-0003,NAME=Espresso Table,CATEGORY_NAME=Dining Room,SUB_CATEGORY_NAME=Tables","0,0,600,0,0,600,600,600"
gs://image_indexing_hclstore_catalog/Emerald/images/catalog/diningroom/tables/dintable3_a1_600.jpg,14235,Emerald,DR-TBLS-0003-0001,homegoods-v2,Espresso Table,"PARTNUMBER=DR-TBLS-0003-0001,NAME=Espresso Table,CATEGORY_NAME=Dining Room,SUB_CATEGORY_NAME=Tables","0,0,600,0,0,600,600,600"
gs://image_indexing_hclstore_catalog/Emerald/images/catalog/diningroom/tables/dintable4_a1_600.jpg,14236,Emerald,DR-TBLS-0004,homegoods-v2,Pub Table,"PARTNUMBER=DR-TBLS-0004,NAME=Pub Table,CATEGORY_NAME=Dining Room,SUB_CATEGORY_NAME=Tables","0,0,600,0,0,600,600,600"
gs://image_indexing_hclstore_catalog/Emerald/images/catalog/diningroom/tables/dintable4_a1_600.jpg,14237,Emerald,DR-TBLS-0004-0001,homegoods-v2,Pub Table,"PARTNUMBER=DR-TBLS-0004-0001,NAME=Pub Table,CATEGORY_NAME=Dining Room,SUB_CATEGORY_NAME=Tables","0,0,600,0,0,600,600,600"
gs://image_indexing_hclstore_catalog/Emerald/images/catalog/diningroom/chairs/dinchair1_a1_600.jpg,14205,Emerald,DR-CHRS-0001,homegoods-v2,Wooden Dining Chair,"PARTNUMBER=DR-CHRS-0001,NAME=Wooden Dining Chair,CATEGORY_NAME=Dining Room,SUB_CATEGORY_NAME=Chairs","0,0,600,0,0,600,600,600"
gs://image_indexing_hclstore_catalog/Emerald/images/catalog/diningroom/chairs/dinchair1_a1_600.jpg,14206,Emerald,DR-CHRS-0001-0001,homegoods-v2,Wooden Dining Chair,"PARTNUMBER=DR-CHRS-0001-0001,NAME=Wooden Dining Chair,CATEGORY_NAME=Dining Room,SUB_CATEGORY_NAME=Chairs","0,0,600,0,0,600,600,600"
gs://image_indexing_hclstore_catalog/Emerald/images/catalog/diningroom/chairs/dinchair1_b1_600.jpg,14207,Emerald,DR-CHRS-0001-0002,homegoods-v2,Wooden Dining Chair,"PARTNUMBER=DR-CHRS-0001-0002,NAME=Wooden Dining Chair,CATEGORY_NAME=Dining Room,SUB_CATEGORY_NAME=Chairs","0,0,600,0,0,600,600,600"
gs://image_indexing_hclstore_catalog/Emerald/images/catalog/diningroom/chairs/dinchair1_c1_600.jpg,14208,Emerald,DR-CHRS-0001-0003,homegoods-v2,Wooden Dining Chair,"PARTNUMBER=DR-CHRS-0001-0003,NAME=Wooden Dining Chair,CATEGORY_NAME=Dining Room,SUB_CATEGORY_NAME=Chairs","0,0,600,0,0,600,600,600"
gs://image_indexing_hclstore_catalog/Emerald/images/catalog/diningroom/chairs/dinchair1_a1_600.jpg,14209,Emerald,DR-CHRS-0001-0004,homegoods-v2,Wooden Dining Chair,"PARTNUMBER=DR-CHRS-0001-0004,NAME=Wooden Dining Chair,CATEGORY_NAME=Dining Room,SUB_CATEGORY_NAME=Chairs","0,0,600,0,0,600,600,600"
gs://image_indexing_hclstore_catalog/Emerald/images/catalog/diningroom/chairs/dinchair1_b1_600.jpg,14210,Emerald,DR-CHRS-0001-0005,homegoods-v2,Wooden Dining Chair,"PARTNUMBER=DR-CHRS-0001-0005,NAME=Wooden Dining Chair,CATEGORY_NAME=Dining Room,SUB_CATEGORY_NAME=Chairs","0,0,600,0,0,600,600,600"
gs://image_indexing_hclstore_catalog/Emerald/images/catalog/diningroom/chairs/dinchair1_c1_600.jpg,14211,Emerald,DR-CHRS-0001-0006,homegoods-v2,Wooden Dining Chair,"PARTNUMBER=DR-CHRS-0001-0006,NAME=Wooden Dining Chair,CATEGORY_NAME=Dining Room,SUB_CATEGORY_NAME=Chairs","0,0,600,0,0,600,600,600"
gs://image_indexing_hclstore_catalog/Emerald/images/catalog/diningroom/chairs/dinchair2_a1_600.jpg,14212,Emerald,DR-CHRS-0002,homegoods-v2,Ant Chair,"PARTNUMBER=DR-CHRS-0002,NAME=Ant Chair,CATEGORY_NAME=Dining Room,SUB_CATEGORY_NAME=Chairs","0,0,600,0,0,600,600,600"
gs://image_indexing_hclstore_catalog/Emerald/images/catalog/diningroom/chairs/dinchair2_a1_600.jpg,14213,Emerald,DR-CHRS-0002-0001,homegoods-v2,Ant Chair,"PARTNUMBER=DR-CHRS-0002-0001,NAME=Ant Chair,CATEGORY_NAME=Dining Room,SUB_CATEGORY_NAME=Chairs","0,0,600,0,0,600,600,600"
gs://image_indexing_hclstore_catalog/Emerald/images/catalog/diningroom/chairs/dinchair2_b1_600.jpg,14214,Emerald,DR-CHRS-0002-0002,homegoods-v2,Ant Chair,"PARTNUMBER=DR-CHRS-0002-0002,NAME=Ant Chair,CATEGORY_NAME=Dining Room,SUB_CATEGORY_NAME=Chairs","0,0,600,0,0,600,600,600"
gs://image_indexing_hclstore_catalog/Emerald/images/catalog/diningroom/chairs/dinchair2_c1_600.jpg,14215,Emerald,DR-CHRS-0002-0003,homegoods-v2,Ant Chair,"PARTNUMBER=DR-CHRS-0002-0003,NAME=Ant Chair,CATEGORY_NAME=Dining Room,SUB_CATEGORY_NAME=Chairs","0,0,600,0,0,600,600,600"
gs://image_indexing_hclstore_catalog/Emerald/images/catalog/diningroom/chairs/dinchair2_a1_600.jpg,14216,Emerald,DR-CHRS-0002-0004,homegoods-v2,Ant Chair,"PARTNUMBER=DR-CHRS-0002-0004,NAME=Ant Chair,CATEGORY_NAME=Dining Room,SUB_CATEGORY_NAME=Chairs","0,0,600,0,0,600,600,600"
gs://image_indexing_hclstore_catalog/Emerald/images/catalog/diningroom/chairs/dinchair2_b1_600.jpg,14217,Emerald,DR-CHRS-0002-0005,homegoods-v2,Ant Chair,"PARTNUMBER=DR-CHRS-0002-0005,NAME=Ant Chair,CATEGORY_NAME=Dining Room,SUB_CATEGORY_NAME=Chairs","0,0,600,0,0,600,600,600"
gs://image_indexing_hclstore_catalog/Emerald/images/catalog/diningroom/chairs/dinchair2_c1_600.jpg,14218,Emerald,DR-CHRS-0002-0006,homegoods-v2,Ant Chair,"PARTNUMBER=DR-CHRS-0002-0006,NAME=Ant Chair,CATEGORY_NAME=Dining Room,SUB_CATEGORY_NAME=Chairs","0,0,600,0,0,600,600,600"
gs://image_indexing_hclstore_catalog/Emerald/images/catalog/diningroom/chairs/dinchair3_a1_600.jpg,14219,Emerald,DR-CHRS-0003,homegoods-v2,Dark Wooden Chair,"PARTNUMBER=DR-CHRS-0003,NAME=Dark Wooden Chair,CATEGORY_NAME=Dining Room,SUB_CATEGORY_NAME=Chairs","0,0,600,0,0,600,600,600"
gs://image_indexing_hclstore_catalog/Emerald/images/catalog/diningroom/chairs/dinchair3_a1_600.jpg,14220,Emerald,DR-CHRS-0003-0001,homegoods-v2,Dark Wooden Chair,"PARTNUMBER=DR-CHRS-0003-0001,NAME=Dark Wooden Chair,CATEGORY_NAME=Dining Room,SUB_CATEGORY_NAME=Chairs","0,0,600,0,0,600,600,600"
gs://image_indexing_hclstore_catalog/Emerald/images/catalog/diningroom/chairs/dinchair3_b1_600.jpg,14221,Emerald,DR-CHRS-0003-0002,homegoods-v2,Dark Wooden Chair,"PARTNUMBER=DR-CHRS-0003-0002,NAME=Dark Wooden Chair,CATEGORY_NAME=Dining Room,SUB_CATEGORY_NAME=Chairs","0,0,600,0,0,600,600,600"
gs://image_indexing_hclstore_catalog/Emerald/images/catalog/diningroom/chairs/dinchair3_c1_600.jpg,14222,Emerald,DR-CHRS-0003-0003,homegoods-v2,Dark Wooden Chair,"PARTNUMBER=DR-CHRS-0003-0003,NAME=Dark Wooden Chair,CATEGORY_NAME=Dining Room,SUB_CATEGORY_NAME=Chairs","0,0,600,0,0,600,600,600"
gs://image_indexing_hclstore_catalog/Emerald/images/catalog/diningroom/chairs/dinchair3_a1_600.jpg,14223,Emerald,DR-CHRS-0003-0004,homegoods-v2,Dark Wooden Chair,"PARTNUMBER=DR-CHRS-0003-0004,NAME=Dark Wooden Chair,CATEGORY_NAME=Dining Room,SUB_CATEGORY_NAME=Chairs","0,0,600,0,0,600,600,600"
gs://image_indexing_hclstore_catalog/Emerald/images/catalog/diningroom/chairs/dinchair3_b1_600.jpg,14224,Emerald,DR-CHRS-0003-0005,homegoods-v2,Dark Wooden Chair,"PARTNUMBER=DR-CHRS-0003-0005,NAME=Dark Wooden Chair,CATEGORY_NAME=Dining Room,SUB_CATEGORY_NAME=Chairs","0,0,600,0,0,600,600,600"
gs://image_indexing_hclstore_catalog/Emerald/images/catalog/diningroom/chairs/dinchair3_c1_600.jpg,14225,Emerald,DR-CHRS-0003-0006,homegoods-v2,Dark Wooden Chair,"PARTNUMBER=DR-CHRS-0003-0006,NAME=Dark Wooden Chair,CATEGORY_NAME=Dining Room,SUB_CATEGORY_NAME=Chairs","0,0,600,0,0,600,600,600"
gs://image_indexing_hclstore_catalog/Emerald/images/catalog/diningroom/chairs/dinchair4_a1_600.jpg,14226,Emerald,DR-CHRS-0004,homegoods-v2,StyleHome Comfy Dining chair,"PARTNUMBER=DR-CHRS-0004,NAME=StyleHome Comfy Dining chair,CATEGORY_NAME=Dining Room,SUB_CATEGORY_NAME=Chairs","0,0,600,0,0,600,600,600"
gs://image_indexing_hclstore_catalog/Emerald/images/catalog/diningroom/chairs/dinchair4_a1_600.jpg,14227,Emerald,DR-CHRS-0004-0001,homegoods-v2,StyleHome Comfy Dining chair,"PARTNUMBER=DR-CHRS-0004-0001,NAME=StyleHome Comfy Dining chair,CATEGORY_NAME=Dining Room,SUB_CATEGORY_NAME=Chairs","0,0,600,0,0,600,600,600"
gs://image_indexing_hclstore_catalog/Emerald/images/catalog/diningroom/chairs/dinchair4_b1_600.jpg,14228,Emerald,DR-CHRS-0004-0002,homegoods-v2,StyleHome Comfy Dining chair,"PARTNUMBER=DR-CHRS-0004-0002,NAME=StyleHome Comfy Dining chair,CATEGORY_NAME=Dining Room,SUB_CATEGORY_NAME=Chairs","0,0,600,0,0,600,600,600"
gs://image_indexing_hclstore_catalog/Emerald/images/catalog/diningroom/chairs/dinchair4_c1_600.jpg,14229,Emerald,DR-CHRS-0004-0003,homegoods-v2,StyleHome Comfy Dining chair,"PARTNUMBER=DR-CHRS-0004-0003,NAME=StyleHome Comfy Dining chair,CATEGORY_NAME=Dining Room,SUB_CATEGORY_NAME=Chairs","0,0,600,0,0,600,600,600"
gs://image_indexing_hclstore_catalog/Emerald/images/catalog/diningroom/buffets/buffet1_a1_600.jpg,14199,Emerald,DR-BFFT-0001,homegoods-v2,Landscape Buffet Table,"PARTNUMBER=DR-BFFT-0001,NAME=Landscape Buffet Table,CATEGORY_NAME=Dining Room,SUB_CATEGORY_NAME=Buffets","0,0,600,0,0,600,600,600"
gs://image_indexing_hclstore_catalog/Emerald/images/catalog/diningroom/buffets/buffet1_a1_600.jpg,14200,Emerald,DR-BFFT-0001-0001,homegoods-v2,Landscape Buffet Table,"PARTNUMBER=DR-BFFT-0001-0001,NAME=Landscape Buffet Table,CATEGORY_NAME=Dining Room,SUB_CATEGORY_NAME=Buffets","0,0,600,0,0,600,600,600"
gs://image_indexing_hclstore_catalog/Emerald/images/catalog/diningroom/buffets/buffet1_b1_600.jpg,14201,Emerald,DR-BFFT-0001-0002,homegoods-v2,Landscape Buffet Table,"PARTNUMBER=DR-BFFT-0001-0002,NAME=Landscape Buffet Table,CATEGORY_NAME=Dining Room,SUB_CATEGORY_NAME=Buffets","0,0,600,0,0,600,600,600"
gs://image_indexing_hclstore_catalog/Emerald/images/catalog/diningroom/buffets/buffet1_c1_600.jpg,14202,Emerald,DR-BFFT-0001-0003,homegoods-v2,Landscape Buffet Table,"PARTNUMBER=DR-BFFT-0001-0003,NAME=Landscape Buffet Table,CATEGORY_NAME=Dining Room,SUB_CATEGORY_NAME=Buffets","0,0,600,0,0,600,600,600"
gs://image_indexing_hclstore_catalog/Emerald/images/catalog/diningroom/buffets/buffet2_a1_600.jpg,14203,Emerald,DR-BFFT-0002,homegoods-v2,Standing Buffet Cabinet,"PARTNUMBER=DR-BFFT-0002,NAME=Standing Buffet Cabinet,CATEGORY_NAME=Dining Room,SUB_CATEGORY_NAME=Buffets","0,0,600,0,0,600,600,600"
gs://image_indexing_hclstore_catalog/Emerald/images/catalog/diningroom/buffets/buffet2_a1_600.jpg,14204,Emerald,DR-BFFT-0002-0001,homegoods-v2,Standing Buffet Cabinet,"PARTNUMBER=DR-BFFT-0002-0001,NAME=Standing Buffet Cabinet,CATEGORY_NAME=Dining Room,SUB_CATEGORY_NAME=Buffets","0,0,600,0,0,600,600,600"
gs://image_indexing_hclstore_catalog/Emerald/images/catalog/bathroom/lighting/bathlight1_a1_600.jpg,14254,Emerald,BR-LGHT-0001,homegoods-v2,Cluster globe ceiling light,"PARTNUMBER=BR-LGHT-0001,NAME=Cluster globe ceiling light,CATEGORY_NAME=Bath,SUB_CATEGORY_NAME=Lighting","0,0,600,0,0,600,600,600"
gs://image_indexing_hclstore_catalog/Emerald/images/catalog/bathroom/lighting/bathlight1_a1_600.jpg,14255,Emerald,BR-LGHT-0001-0001,homegoods-v2,Cluster globe ceiling light,"PARTNUMBER=BR-LGHT-0001-0001,NAME=Cluster globe ceiling light,CATEGORY_NAME=Bath,SUB_CATEGORY_NAME=Lighting","0,0,600,0,0,600,600,600"
gs://image_indexing_hclstore_catalog/Emerald/images/catalog/bathroom/lighting/bathlight2_a1_600.jpg,14256,Emerald,BR-LGHT-0002,homegoods-v2,Infinity globe ceiling light,"PARTNUMBER=BR-LGHT-0002,NAME=Infinity globe ceiling light,CATEGORY_NAME=Bath,SUB_CATEGORY_NAME=Lighting","0,0,600,0,0,600,600,600"
gs://image_indexing_hclstore_catalog/Emerald/images/catalog/bathroom/lighting/bathlight2_a1_600.jpg,14257,Emerald,BR-LGHT-0002-0001,homegoods-v2,Infinity globe ceiling light,"PARTNUMBER=BR-LGHT-0002-0001,NAME=Infinity globe ceiling light,CATEGORY_NAME=Bath,SUB_CATEGORY_NAME=Lighting","0,0,600,0,0,600,600,600"
gs://image_indexing_hclstore_catalog/Emerald/images/catalog/bathroom/fixtures/bathfix1_a1_600.jpg,14244,Emerald,BR-FIXT-0001,homegoods-v2,Single Handle Bath Faucet,"PARTNUMBER=BR-FIXT-0001,NAME=Single Handle Bath Faucet,CATEGORY_NAME=Bath,SUB_CATEGORY_NAME=Fixtures","0,0,600,0,0,600,600,600"
gs://image_indexing_hclstore_catalog/Emerald/images/catalog/bathroom/fixtures/bathfix1_a1_600.jpg,14245,Emerald,BR-FIXT-0001-0001,homegoods-v2,Single Handle Bath Faucet,"PARTNUMBER=BR-FIXT-0001-0001,NAME=Single Handle Bath Faucet,CATEGORY_NAME=Bath,SUB_CATEGORY_NAME=Fixtures","0,0,600,0,0,600,600,600"
gs://image_indexing_hclstore_catalog/Emerald/images/catalog/bathroom/fixtures/bathfix2_a1_600.jpg,14246,Emerald,BR-FIXT-0002,homegoods-v2,Goose Neck Bath Faucet,"PARTNUMBER=BR-FIXT-0002,NAME=Goose Neck Bath Faucet,CATEGORY_NAME=Bath,SUB_CATEGORY_NAME=Fixtures","0,0,600,0,0,600,600,600"
gs://image_indexing_hclstore_catalog/Emerald/images/catalog/bathroom/fixtures/bathfix2_a1_600.jpg,14247,Emerald,BR-FIXT-0002-0001,homegoods-v2,Goose Neck Bath Faucet,"PARTNUMBER=BR-FIXT-0002-0001,NAME=Goose Neck Bath Faucet,CATEGORY_NAME=Bath,SUB_CATEGORY_NAME=Fixtures","0,0,600,0,0,600,600,600"
gs://image_indexing_hclstore_catalog/Emerald/images/catalog/bathroom/fixtures/bathfix3_a1_600.jpg,14248,Emerald,BR-FIXT-0003,homegoods-v2,High Arc Vessel Bath Faucet,"PARTNUMBER=BR-FIXT-0003,NAME=High Arc Vessel Bath Faucet,CATEGORY_NAME=Bath,SUB_CATEGORY_NAME=Fixtures","0,0,600,0,0,600,600,600"
gs://image_indexing_hclstore_catalog/Emerald/images/catalog/bathroom/fixtures/bathfix3_a1_600.jpg,14249,Emerald,BR-FIXT-0003-0001,homegoods-v2,High Arc Vessel Bath Faucet,"PARTNUMBER=BR-FIXT-0003-0001,NAME=High Arc Vessel Bath Faucet,CATEGORY_NAME=Bath,SUB_CATEGORY_NAME=Fixtures","0,0,600,0,0,600,600,600"
gs://image_indexing_hclstore_catalog/Emerald/images/catalog/bathroom/fixtures/bathfix4_a1_600.jpg,14250,Emerald,BR-FIXT-0004,homegoods-v2,Handheld Showerhead,"PARTNUMBER=BR-FIXT-0004,NAME=Handheld Showerhead,CATEGORY_NAME=Bath,SUB_CATEGORY_NAME=Fixtures","0,0,600,0,0,600,600,600"
gs://image_indexing_hclstore_catalog/Emerald/images/catalog/bathroom/fixtures/bathfix4_a1_600.jpg,14251,Emerald,BR-FIXT-0004-0001,homegoods-v2,Handheld Showerhead,"PARTNUMBER=BR-FIXT-0004-0001,NAME=Handheld Showerhead,CATEGORY_NAME=Bath,SUB_CATEGORY_NAME=Fixtures","0,0,600,0,0,600,600,600"
gs://image_indexing_hclstore_catalog/Emerald/images/catalog/bathroom/fixtures/bathfix5_a1_600.jpg,14252,Emerald,BR-FIXT-0005,homegoods-v2,Raindrop Showerhead,"PARTNUMBER=BR-FIXT-0005,NAME=Raindrop Showerhead,CATEGORY_NAME=Bath,SUB_CATEGORY_NAME=Fixtures","0,0,600,0,0,600,600,600"
gs://image_indexing_hclstore_catalog/Emerald/images/catalog/bathroom/fixtures/bathfix5_a1_600.jpg,14253,Emerald,BR-FIXT-0005-0001,homegoods-v2,Raindrop Showerhead,"PARTNUMBER=BR-FIXT-0005-0001,NAME=Raindrop Showerhead,CATEGORY_NAME=Bath,SUB_CATEGORY_NAME=Fixtures","0,0,600,0,0,600,600,600"
gs://image_indexing_hclstore_catalog/Emerald/images/catalog/bathroom/accessories/bathacc1_a1_600.jpg,14238,Emerald,BR-ACCE-0001,homegoods-v2,Makeup Mirror,"PARTNUMBER=BR-ACCE-0001,NAME=Makeup Mirror,CATEGORY_NAME=Bath,SUB_CATEGORY_NAME=Accessories","0,0,600,0,0,600,600,600"
gs://image_indexing_hclstore_catalog/Emerald/images/catalog/bathroom/accessories/bathacc1_a1_600.jpg,14239,Emerald,BR-ACCE-0001-0001,homegoods-v2,Makeup Mirror,"PARTNUMBER=BR-ACCE-0001-0001,NAME=Makeup Mirror,CATEGORY_NAME=Bath,SUB_CATEGORY_NAME=Accessories","0,0,600,0,0,600,600,600"
gs://image_indexing_hclstore_catalog/Emerald/images/catalog/bathroom/accessories/bathacc2_a1_600.jpg,14240,Emerald,BR-ACCE-0002,homegoods-v2,Bender Wall Toothbrush Holder,"PARTNUMBER=BR-ACCE-0002,NAME=Bender Wall Toothbrush Holder,CATEGORY_NAME=Bath,SUB_CATEGORY_NAME=Accessories","0,0,600,0,0,600,600,600"
gs://image_indexing_hclstore_catalog/Emerald/images/catalog/bathroom/accessories/bathacc2_a1_600.jpg,14241,Emerald,BR-ACCE-0002-0001,homegoods-v2,Bender Wall Toothbrush Holder,"PARTNUMBER=BR-ACCE-0002-0001,NAME=Bender Wall Toothbrush Holder,CATEGORY_NAME=Bath,SUB_CATEGORY_NAME=Accessories","0,0,600,0,0,600,600,600"
gs://image_indexing_hclstore_catalog/Emerald/images/catalog/bathroom/accessories/bathacc3_a1_600.jpg,14242,Emerald,BR-ACCE-0003,homegoods-v2,Kerry's Clear Soap Dispenser,"PARTNUMBER=BR-ACCE-0003,NAME=Kerry's Clear Soap Dispenser,CATEGORY_NAME=Bath,SUB_CATEGORY_NAME=Accessories","0,0,600,0,0,600,600,600"
gs://image_indexing_hclstore_catalog/Emerald/images/catalog/bathroom/accessories/bathacc3_a1_600.jpg,14243,Emerald,BR-ACCE-0003-0001,homegoods-v2,Kerry's Clear Soap Dispenser,"PARTNUMBER=BR-ACCE-0003-0001,NAME=Kerry's Clear Soap Dispenser,CATEGORY_NAME=Bath,SUB_CATEGORY_NAME=Accessories","0,0,600,0,0,600,600,600"
gs://image_indexing_hclstore_catalog/Emerald/images/catalog/bedroom/beds/bed1_a1_600.jpg,14258,Emerald,BD-BEDS-0001,homegoods-v2,Twin Bunk Bed,"PARTNUMBER=BD-BEDS-0001,NAME=Twin Bunk Bed,CATEGORY_NAME=Bedroom,SUB_CATEGORY_NAME=Beds","0,0,600,0,0,600,600,600"
gs://image_indexing_hclstore_catalog/Emerald/images/catalog/bedroom/beds/bed1_a1_600.jpg,14259,Emerald,BD-BEDS-0001-0001,homegoods-v2,Twin Bunk Bed,"PARTNUMBER=BD-BEDS-0001-0001,NAME=Twin Bunk Bed,CATEGORY_NAME=Bedroom,SUB_CATEGORY_NAME=Beds","0,0,600,0,0,600,600,600"
gs://image_indexing_hclstore_catalog/Emerald/images/catalog/bedroom/beds/bed2_a1_600.jpg,14260,Emerald,BD-BEDS-0002,homegoods-v2,Sleepy Head Elegant Queen Bed,"PARTNUMBER=BD-BEDS-0002,NAME=Sleepy Head Elegant Queen Bed,CATEGORY_NAME=Bedroom,SUB_CATEGORY_NAME=Beds","0,0,600,0,0,600,600,600"
gs://image_indexing_hclstore_catalog/Emerald/images/catalog/bedroom/beds/bed2_a1_600.jpg,14261,Emerald,BD-BEDS-0002-0001,homegoods-v2,Sleepy Head Elegant Queen Bed,"PARTNUMBER=BD-BEDS-0002-0001,NAME=Sleepy Head Elegant Queen Bed,CATEGORY_NAME=Bedroom,SUB_CATEGORY_NAME=Beds","0,0,600,0,0,600,600,600"
gs://image_indexing_hclstore_catalog/Emerald/images/catalog/bedroom/beds/bed3_a1_600.jpg,14262,Emerald,BD-BEDS-0003,homegoods-v2,Sleepy Head Storytime Double Bed,"PARTNUMBER=BD-BEDS-0003,NAME=Sleepy Head Storytime Double Bed,CATEGORY_NAME=Bedroom,SUB_CATEGORY_NAME=Beds","0,0,600,0,0,600,600,600"
gs://image_indexing_hclstore_catalog/Emerald/images/catalog/bedroom/beds/bed3_a1_600.jpg,14263,Emerald,BD-BEDS-0003-0001,homegoods-v2,Sleepy Head Storytime Double Bed,"PARTNUMBER=BD-BEDS-0003-0001,NAME=Sleepy Head Storytime Double Bed,CATEGORY_NAME=Bedroom,SUB_CATEGORY_NAME=Beds","0,0,600,0,0,600,600,600"
gs://image_indexing_hclstore_catalog/Emerald/images/catalog/bedroom/beds/bed4_a1_600.jpg,14264,Emerald,BD-BEDS-0004,homegoods-v2,Sleepy Head Low Key Double Bed,"PARTNUMBER=BD-BEDS-0004,NAME=Sleepy Head Low Key Double Bed,CATEGORY_NAME=Bedroom,SUB_CATEGORY_NAME=Beds","0,0,600,0,0,600,600,600"
gs://image_indexing_hclstore_catalog/Emerald/images/catalog/bedroom/beds/bed4_a1_600.jpg,14265,Emerald,BD-BEDS-0004-0001,homegoods-v2,Sleepy Head Low Key Double Bed,"PARTNUMBER=BD-BEDS-0004-0001,NAME=Sleepy Head Low Key Double Bed,CATEGORY_NAME=Bedroom,SUB_CATEGORY_NAME=Beds","0,0,600,0,0,600,600,600"
gs://image_indexing_hclstore_catalog/Emerald/images/catalog/bedroom/dressers/beddress1_a1_600.jpg,14266,Emerald,BD-DRSS-0001,homegoods-v2,Style Home Large Ash Wood Chest of Drawers,"PARTNUMBER=BD-DRSS-0001,NAME=Style Home Large Ash Wood Chest of Drawers,CATEGORY_NAME=Bedroom,SUB_CATEGORY_NAME=Dressers","0,0,600,0,0,600,600,600"
gs://image_indexing_hclstore_catalog/Emerald/images/catalog/bedroom/dressers/beddress1_a1_600.jpg,14267,Emerald,BD-DRSS-0001-0001,homegoods-v2,Style Home Large Ash Wood Chest of Drawers,"PARTNUMBER=BD-DRSS-0001-0001,NAME=Style Home Large Ash Wood Chest of Drawers,CATEGORY_NAME=Bedroom,SUB_CATEGORY_NAME=Dressers","0,0,600,0,0,600,600,600"
gs://image_indexing_hclstore_catalog/Emerald/images/catalog/bedroom/dressers/beddress1_b1_600.jpg,14268,Emerald,BD-DRSS-0001-0002,homegoods-v2,Style Home Large Ash Wood Chest of Drawers,"PARTNUMBER=BD-DRSS-0001-0002,NAME=Style Home Large Ash Wood Chest of Drawers,CATEGORY_NAME=Bedroom,SUB_CATEGORY_NAME=Dressers","0,0,600,0,0,600,600,600"
gs://image_indexing_hclstore_catalog/Emerald/images/catalog/bedroom/dressers/beddress1_c1_600.jpg,14269,Emerald,BD-DRSS-0001-0003,homegoods-v2,Style Home Large Ash Wood Chest of Drawers,"PARTNUMBER=BD-DRSS-0001-0003,NAME=Style Home Large Ash Wood Chest of Drawers,CATEGORY_NAME=Bedroom,SUB_CATEGORY_NAME=Dressers","0,0,600,0,0,600,600,600"
gs://image_indexing_hclstore_catalog/Emerald/images/catalog/bedroom/dressers/beddress2_a1_600.jpg,14270,Emerald,BD-DRSS-0002,homegoods-v2,Stonehenge Closet Chest of Drawers,"PARTNUMBER=BD-DRSS-0002,NAME=Stonehenge Closet Chest of Drawers,CATEGORY_NAME=Bedroom,SUB_CATEGORY_NAME=Dressers","0,0,600,0,0,600,600,600"
gs://image_indexing_hclstore_catalog/Emerald/images/catalog/bedroom/dressers/beddress2_a1_600.jpg,14271,Emerald,BD-DRSS-0002-0001,homegoods-v2,Stonehenge Closet Chest of Drawers,"PARTNUMBER=BD-DRSS-0002-0001,NAME=Stonehenge Closet Chest of Drawers,CATEGORY_NAME=Bedroom,SUB_CATEGORY_NAME=Dressers","0,0,600,0,0,600,600,600"
gs://image_indexing_hclstore_catalog/Emerald/images/catalog/bedroom/dressers/beddress2_b1_600.jpg,14272,Emerald,BD-DRSS-0002-0002,homegoods-v2,Stonehenge Closet Chest of Drawers,"PARTNUMBER=BD-DRSS-0002-0002,NAME=Stonehenge Closet Chest of Drawers,CATEGORY_NAME=Bedroom,SUB_CATEGORY_NAME=Dressers","0,0,600,0,0,600,600,600"
gs://image_indexing_hclstore_catalog/Emerald/images/catalog/bedroom/dressers/beddress2_c1_600.jpg,14273,Emerald,BD-DRSS-0002-0003,homegoods-v2,Stonehenge Closet Chest of Drawers,"PARTNUMBER=BD-DRSS-0002-0003,NAME=Stonehenge Closet Chest of Drawers,CATEGORY_NAME=Bedroom,SUB_CATEGORY_NAME=Dressers","0,0,600,0,0,600,600,600"
gs://image_indexing_hclstore_catalog/Emerald/images/catalog/bedroom/dressers/beddress2_d1_600.jpg,14274,Emerald,BD-DRSS-0002-0004,homegoods-v2,Stonehenge Closet Chest of Drawers,"PARTNUMBER=BD-DRSS-0002-0004,NAME=Stonehenge Closet Chest of Drawers,CATEGORY_NAME=Bedroom,SUB_CATEGORY_NAME=Dressers","0,0,600,0,0,600,600,600"
gs://image_indexing_hclstore_catalog/Emerald/images/catalog/bedroom/dressers/beddress3_a1_600.jpg,14275,Emerald,BD-DRSS-0003,homegoods-v2,Style Home Intree Chest of Drawers,"PARTNUMBER=BD-DRSS-0003,NAME=Style Home Intree Chest of Drawers,CATEGORY_NAME=Bedroom,SUB_CATEGORY_NAME=Dressers","0,0,600,0,0,600,600,600"
gs://image_indexing_hclstore_catalog/Emerald/images/catalog/bedroom/dressers/beddress3_a1_600.jpg,14276,Emerald,BD-DRSS-0003-0001,homegoods-v2,Style Home Intree Chest of Drawers,"PARTNUMBER=BD-DRSS-0003-0001,NAME=Style Home Intree Chest of Drawers,CATEGORY_NAME=Bedroom,SUB_CATEGORY_NAME=Dressers","0,0,600,0,0,600,600,600"
gs://image_indexing_hclstore_catalog/Emerald/images/catalog/bedroom/dressers/beddress3_b1_600.jpg,14277,Emerald,BD-DRSS-0003-0002,homegoods-v2,Style Home Intree Chest of Drawers,"PARTNUMBER=BD-DRSS-0003-0002,NAME=Style Home Intree Chest of Drawers,CATEGORY_NAME=Bedroom,SUB_CATEGORY_NAME=Dressers","0,0,600,0,0,600,600,600"
gs://image_indexing_hclstore_catalog/Emerald/images/catalog/bedroom/dressers/beddress3_c1_600.jpg,14278,Emerald,BD-DRSS-0003-0003,homegoods-v2,Style Home Intree Chest of Drawers,"PARTNUMBER=BD-DRSS-0003-0003,NAME=Style Home Intree Chest of Drawers,CATEGORY_NAME=Bedroom,SUB_CATEGORY_NAME=Dressers","0,0,600,0,0,600,600,600"
gs://image_indexing_hclstore_catalog/Emerald/images/catalog/bedroom/dressers/beddress3_d1_600.jpg,14279,Emerald,BD-DRSS-0003-0004,homegoods-v2,Style Home Intree Chest of Drawers,"PARTNUMBER=BD-DRSS-0003-0004,NAME=Style Home Intree Chest of Drawers,CATEGORY_NAME=Bedroom,SUB_CATEGORY_NAME=Dressers","0,0,600,0,0,600,600,600"
gs://image_indexing_hclstore_catalog/Emerald/images/catalog/bedroom/dressers/beddress4_a1_600.jpg,14280,Emerald,BD-DRSS-0004,homegoods-v2,Stonehenge Large Elegant Wardrobe,"PARTNUMBER=BD-DRSS-0004,NAME=Stonehenge Large Elegant Wardrobe,CATEGORY_NAME=Bedroom,SUB_CATEGORY_NAME=Dressers","0,0,600,0,0,600,600,600"
gs://image_indexing_hclstore_catalog/Emerald/images/catalog/bedroom/dressers/beddress4_a1_600.jpg,14281,Emerald,BD-DRSS-0004-0001,homegoods-v2,Stonehenge Large Elegant Wardrobe,"PARTNUMBER=BD-DRSS-0004-0001,NAME=Stonehenge Large Elegant Wardrobe,CATEGORY_NAME=Bedroom,SUB_CATEGORY_NAME=Dressers","0,0,600,0,0,600,600,600"
gs://image_indexing_hclstore_catalog/Emerald/images/catalog/bedroom/dressers/beddress4_b1_600.jpg,14282,Emerald,BD-DRSS-0004-0002,homegoods-v2,Stonehenge Large Elegant Wardrobe,"PARTNUMBER=BD-DRSS-0004-0002,NAME=Stonehenge Large Elegant Wardrobe,CATEGORY_NAME=Bedroom,SUB_CATEGORY_NAME=Dressers","0,0,600,0,0,600,600,600"
gs://image_indexing_hclstore_catalog/Emerald/images/catalog/bedroom/dressers/beddress4_c1_600.jpg,14283,Emerald,BD-DRSS-0004-0003,homegoods-v2,Stonehenge Large Elegant Wardrobe,"PARTNUMBER=BD-DRSS-0004-0003,NAME=Stonehenge Large Elegant Wardrobe,CATEGORY_NAME=Bedroom,SUB_CATEGORY_NAME=Dressers","0,0,600,0,0,600,600,600"
gs://image_indexing_hclstore_catalog/Emerald/images/catalog/kitchen/cabinets/cabinet1_a1_600.jpg,14284,Emerald,KI-CBNT-0001,homegoods-v2,Dark Brown Wood-grained Cabinet,"PARTNUMBER=KI-CBNT-0001,NAME=Dark Brown Wood-grained Cabinet,CATEGORY_NAME=Kitchen,SUB_CATEGORY_NAME=Cabinets","0,0,600,0,0,600,600,600"
gs://image_indexing_hclstore_catalog/Emerald/images/catalog/kitchen/cabinets/cabinet1_a1_600.jpg,14285,Emerald,KI-CBNT-0001-0001,homegoods-v2,Dark Brown Wood-grained Cabinet,"PARTNUMBER=KI-CBNT-0001-0001,NAME=Dark Brown Wood-grained Cabinet,CATEGORY_NAME=Kitchen,SUB_CATEGORY_NAME=Cabinets","0,0,600,0,0,600,600,600"
gs://image_indexing_hclstore_catalog/Emerald/images/catalog/kitchen/cabinets/cabinet2_a1_600.jpg,14286,Emerald,KI-CBNT-0002,homegoods-v2,Cherry Wood-grained Cabinet,"PARTNUMBER=KI-CBNT-0002,NAME=Cherry Wood-grained Cabinet,CATEGORY_NAME=Kitchen,SUB_CATEGORY_NAME=Cabinets","0,0,600,0,0,600,600,600"
gs://image_indexing_hclstore_catalog/Emerald/images/catalog/kitchen/cabinets/cabinet2_a1_600.jpg,14287,Emerald,KI-CBNT-0002-0001,homegoods-v2,Cherry Wood-grained Cabinet,"PARTNUMBER=KI-CBNT-0002-0001,NAME=Cherry Wood-grained Cabinet,CATEGORY_NAME=Kitchen,SUB_CATEGORY_NAME=Cabinets","0,0,600,0,0,600,600,600"
gs://image_indexing_hclstore_catalog/Emerald/images/catalog/kitchen/cabinets/cabinet3_a1_600.jpg,14288,Emerald,KI-CBNT-0003,homegoods-v2,Brown Wood-grained Cabinet,"PARTNUMBER=KI-CBNT-0003,NAME=Brown Wood-grained Cabinet,CATEGORY_NAME=Kitchen,SUB_CATEGORY_NAME=Cabinets","0,0,600,0,0,600,600,600"
gs://image_indexing_hclstore_catalog/Emerald/images/catalog/kitchen/cabinets/cabinet3_a1_600.jpg,14289,Emerald,KI-CBNT-0003-0001,homegoods-v2,Brown Wood-grained Cabinet,"PARTNUMBER=KI-CBNT-0003-0001,NAME=Brown Wood-grained Cabinet,CATEGORY_NAME=Kitchen,SUB_CATEGORY_NAME=Cabinets","0,0,600,0,0,600,600,600"
gs://image_indexing_hclstore_catalog/Emerald/images/catalog/kitchen/cabinets/cabinet4_a1_600.jpg,14290,Emerald,KI-CBNT-0004,homegoods-v2,Natural Wood-grained Cabinet,"PARTNUMBER=KI-CBNT-0004,NAME=Natural Wood-grained Cabinet,CATEGORY_NAME=Kitchen,SUB_CATEGORY_NAME=Cabinets","0,0,600,0,0,600,600,600"
gs://image_indexing_hclstore_catalog/Emerald/images/catalog/kitchen/cabinets/cabinet4_a1_600.jpg,14291,Emerald,KI-CBNT-0004-0001,homegoods-v2,Natural Wood-grained Cabinet,"PARTNUMBER=KI-CBNT-0004-0001,NAME=Natural Wood-grained Cabinet,CATEGORY_NAME=Kitchen,SUB_CATEGORY_NAME=Cabinets","0,0,600,0,0,600,600,600"
gs://image_indexing_hclstore_catalog/Emerald/images/catalog/kitchen/cabinets/cabinet5_a1_600.jpg,14292,Emerald,KI-CBNT-0005,homegoods-v2,Grey Solid Cabinet,"PARTNUMBER=KI-CBNT-0005,NAME=Grey Solid Cabinet,CATEGORY_NAME=Kitchen,SUB_CATEGORY_NAME=Cabinets","0,0,600,0,0,600,600,600"
gs://image_indexing_hclstore_catalog/Emerald/images/catalog/kitchen/cabinets/cabinet5_a1_600.jpg,14293,Emerald,KI-CBNT-0005-0001,homegoods-v2,Grey Solid Cabinet,"PARTNUMBER=KI-CBNT-0005-0001,NAME=Grey Solid Cabinet,CATEGORY_NAME=Kitchen,SUB_CATEGORY_NAME=Cabinets","0,0,600,0,0,600,600,600"
gs://image_indexing_hclstore_catalog/Emerald/images/catalog/kitchen/cabinets/cabinet6_a1_600.jpg,14294,Emerald,KI-CBNT-0006,homegoods-v2,Black Solid Cabinet,"PARTNUMBER=KI-CBNT-0006,NAME=Black Solid Cabinet,CATEGORY_NAME=Kitchen,SUB_CATEGORY_NAME=Cabinets","0,0,600,0,0,600,600,600"
gs://image_indexing_hclstore_catalog/Emerald/images/catalog/kitchen/cabinets/cabinet6_a1_600.jpg,14295,Emerald,KI-CBNT-0006-0001,homegoods-v2,Black Solid Cabinet,"PARTNUMBER=KI-CBNT-0006-0001,NAME=Black Solid Cabinet,CATEGORY_NAME=Kitchen,SUB_CATEGORY_NAME=Cabinets","0,0,600,0,0,600,600,600"
gs://image_indexing_hclstore_catalog/Emerald/images/catalog/kitchen/cabinets/cabinet7_a1_600.jpg,14296,Emerald,KI-CBNT-0007,homegoods-v2,Brown Solid Cabinet,"PARTNUMBER=KI-CBNT-0007,NAME=Brown Solid Cabinet,CATEGORY_NAME=Kitchen,SUB_CATEGORY_NAME=Cabinets","0,0,600,0,0,600,600,600"
gs://image_indexing_hclstore_catalog/Emerald/images/catalog/kitchen/cabinets/cabinet7_a1_600.jpg,14297,Emerald,KI-CBNT-0007-0001,homegoods-v2,Brown Solid Cabinet,"PARTNUMBER=KI-CBNT-0007-0001,NAME=Brown Solid Cabinet,CATEGORY_NAME=Kitchen,SUB_CATEGORY_NAME=Cabinets","0,0,600,0,0,600,600,600"
gs://image_indexing_hclstore_catalog/Emerald/images/catalog/kitchen/countertops/countertop1_a1_600.jpg,14298,Emerald,KI-CTTP-0001,homegoods-v2,Dark Brown Wood-grained Countertop,"PARTNUMBER=KI-CTTP-0001,NAME=Dark Brown Wood-grained Countertop,CATEGORY_NAME=Kitchen,SUB_CATEGORY_NAME=Countertops","0,0,600,0,0,600,600,600"
gs://image_indexing_hclstore_catalog/Emerald/images/catalog/kitchen/countertops/countertop1_a1_600.jpg,14299,Emerald,KI-CTTP-0001-0001,homegoods-v2,Dark Brown Wood-grained Countertop,"PARTNUMBER=KI-CTTP-0001-0001,NAME=Dark Brown Wood-grained Countertop,CATEGORY_NAME=Kitchen,SUB_CATEGORY_NAME=Countertops","0,0,600,0,0,600,600,600"
gs://image_indexing_hclstore_catalog/Emerald/images/catalog/kitchen/countertops/countertop2_a1_600.jpg,14300,Emerald,KI-CTTP-0002,homegoods-v2,Cherry Wood-grained Countertop,"PARTNUMBER=KI-CTTP-0002,NAME=Cherry Wood-grained Countertop,CATEGORY_NAME=Kitchen,SUB_CATEGORY_NAME=Countertops","0,0,600,0,0,600,600,600"
gs://image_indexing_hclstore_catalog/Emerald/images/catalog/kitchen/countertops/countertop2_a1_600.jpg,14301,Emerald,KI-CTTP-0002-0001,homegoods-v2,Cherry Wood-grained Countertop,"PARTNUMBER=KI-CTTP-0002-0001,NAME=Cherry Wood-grained Countertop,CATEGORY_NAME=Kitchen,SUB_CATEGORY_NAME=Countertops","0,0,600,0,0,600,600,600"
gs://image_indexing_hclstore_catalog/Emerald/images/catalog/kitchen/countertops/countertop3_a1_600.jpg,14302,Emerald,KI-CTTP-0003,homegoods-v2,Brown Wood-grained Countertop,"PARTNUMBER=KI-CTTP-0003,NAME=Brown Wood-grained Countertop,CATEGORY_NAME=Kitchen,SUB_CATEGORY_NAME=Countertops","0,0,600,0,0,600,600,600"
gs://image_indexing_hclstore_catalog/Emerald/images/catalog/kitchen/countertops/countertop3_a1_600.jpg,14303,Emerald,KI-CTTP-0003-0001,homegoods-v2,Brown Wood-grained Countertop,"PARTNUMBER=KI-CTTP-0003-0001,NAME=Brown Wood-grained Countertop,CATEGORY_NAME=Kitchen,SUB_CATEGORY_NAME=Countertops","0,0,600,0,0,600,600,600"
gs://image_indexing_hclstore_catalog/Emerald/images/catalog/kitchen/countertops/countertop4_a1_600.jpg,14304,Emerald,KI-CTTP-0004,homegoods-v2,Natural Wood-grained Countertop,"PARTNUMBER=KI-CTTP-0004,NAME=Natural Wood-grained Countertop,CATEGORY_NAME=Kitchen,SUB_CATEGORY_NAME=Countertops","0,0,600,0,0,600,600,600"
gs://image_indexing_hclstore_catalog/Emerald/images/catalog/kitchen/countertops/countertop4_a1_600.jpg,14305,Emerald,KI-CTTP-0004-0001,homegoods-v2,Natural Wood-grained Countertop,"PARTNUMBER=KI-CTTP-0004-0001,NAME=Natural Wood-grained Countertop,CATEGORY_NAME=Kitchen,SUB_CATEGORY_NAME=Countertops","0,0,600,0,0,600,600,600"
